Department,EmployeeNumber,MonthlyIncome,HighestDepartmentSalary,SalaryDifference
"Human Resources",1419,7988,19717,11729
"Human Resources",1747,2180,19717,17537
"Human Resources",1746,2145,19717,17572
"Human Resources",1098,10482,19717,9235
"Human Resources",909,5204,19717,14513
"Human Resources",910,2277,19717,17440
"Human Resources",1625,19658,19717,59
"Human Resources",847,3737,19717,15980
"Human Resources",177,2942,19717,16775
"Human Resources",1408,16799,19717,2918
"Human Resources",1352,14026,19717,5691
"Human Resources",2040,8837,19717,10880
"Human Resources",1744,9756,19717,9961
"Human Resources",184,6347,19717,13370
"Human Resources",424,6410,19717,13307
"Human Resources",1152,2844,19717,16873
"Human Resources",103,5021,19717,14696
"Human Resources",1987,2187,19717,17530
"Human Resources",566,2564,19717,17153
"Human Resources",1563,6077,19717,13640
"Human Resources",644,18200,19717,1517
"Human Resources",1973,19636,19717,81
"Human Resources",1972,2991,19717,16726
"Human Resources",1722,6430,19717,13287
"Human Resources",1944,2863,19717,16854
"Human Resources",1890,3886,19717,15831
"Human Resources",1550,16437,19717,3280
"Human Resources",1499,2064,19717,17653
"Human Resources",731,19141,19717,576
"Human Resources",1865,2804,19717,16913
"Human Resources",869,4936,19717,14781
"Human Resources",734,19189,19717,528
"Human Resources",1714,1555,19717,18162
"Human Resources",1049,2177,19717,17540
"Human Resources",1338,19717,19717,0
"Human Resources",878,2342,19717,17375
"Human Resources",590,9950,19717,9767
"Human Resources",133,2073,19717,17644
"Human Resources",665,5985,19717,13732
"Human Resources",1858,2706,19717,17011
"Human Resources",1467,2742,19717,16975
"Human Resources",1314,3423,19717,16294
"Human Resources",140,18844,19717,873
"Human Resources",1289,4490,19717,15227
"Human Resources",1844,2335,19717,17382
"Human Resources",1231,6272,19717,13445
"Human Resources",1683,3195,19717,16522
"Human Resources",1842,2956,19717,16761
"Human Resources",760,6389,19717,13328
"Human Resources",148,17328,19717,2389
"Human Resources",1818,2148,19717,17569
"Human Resources",1207,3600,19717,16117
"Human Resources",608,2741,19717,16976
"Human Resources",321,2267,19717,17450
"Human Resources",829,2143,19717,17574
"Human Resources",1461,2109,19717,17608
"Human Resources",1805,2592,19717,17125
"Human Resources",1794,4071,19717,15646
"Human Resources",1642,5743,19717,13974
"Human Resources",470,2696,19717,17021
"Human Resources",698,10725,19717,8992
"Human Resources",1778,3539,19717,16178
"Human Resources",1164,4323,19717,15394
"Research & Development",249,3690,19999,16309
"Research & Development",2,5130,19999,14869
"Research & Development",4,2090,19999,17909
"Research & Development",5,2909,19999,17090
"Research & Development",7,3468,19999,16531
"Research & Development",8,3068,19999,16931
"Research & Development",10,2670,19999,17329
"Research & Development",11,2693,19999,17306
"Research & Development",12,9526,19999,10473
"Research & Development",13,5237,19999,14762
"Research & Development",14,2426,19999,17573
"Research & Development",15,4193,19999,15806
"Research & Development",16,2911,19999,17088
"Research & Development",18,2661,19999,17338
"Research & Development",19,2028,19999,17971
"Research & Development",20,9980,19999,10019
"Research & Development",21,3298,19999,16701
"Research & Development",22,2935,19999,17064
"Research & Development",1640,3936,19999,16063
"Research & Development",24,3944,19999,16055
"Research & Development",26,4011,19999,15988
"Research & Development",1641,7945,19999,12054
"Research & Development",28,11994,19999,8005
"Research & Development",30,1232,19999,18767
"Research & Development",31,2960,19999,17039
"Research & Development",32,19094,19999,905
"Research & Development",33,3919,19999,16080
"Research & Development",1644,15202,19999,4797
"Research & Development",36,10248,19999,9751
"Research & Development",1646,3760,19999,16239
"Research & Development",39,2496,19999,17503
"Research & Development",40,6465,19999,13534
"Research & Development",41,2206,19999,17793
"Research & Development",1647,3517,19999,16482
"Research & Development",45,2293,19999,17706
"Research & Development",46,2645,19999,17354
"Research & Development",1648,2580,19999,17419
"Research & Development",1649,2166,19999,17833
"Research & Development",51,3419,19999,16580
"Research & Development",1651,8008,19999,11991
"Research & Development",53,1951,19999,18048
"Research & Development",54,2341,19999,17658
"Research & Development",55,2293,19999,17706
"Research & Development",1653,5206,19999,14793
"Research & Development",57,4011,19999,15988
"Research & Development",58,19545,19999,454
"Research & Development",1654,5295,19999,14704
"Research & Development",61,3022,19999,16977
"Research & Development",1655,16413,19999,3586
"Research & Development",63,2269,19999,17730
"Research & Development",64,5381,19999,14618
"Research & Development",65,3441,19999,16558
"Research & Development",1656,13269,19999,6730
"Research & Development",70,9884,19999,10115
"Research & Development",1658,5433,19999,14566
"Research & Development",73,13458,19999,6541
"Research & Development",1659,2013,19999,17986
"Research & Development",75,4014,19999,15985
"Research & Development",76,5915,19999,14084
"Research & Development",77,5993,19999,14006
"Research & Development",78,6162,19999,13837
"Research & Development",79,2406,19999,17593
"Research & Development",80,18740,19999,1259
"Research & Development",1661,13966,19999,6033
"Research & Development",83,10096,19999,9903
"Research & Development",84,14756,19999,5243
"Research & Development",85,6499,19999,13500
"Research & Development",86,9724,19999,10275
"Research & Development",88,2194,19999,17805
"Research & Development",90,3388,19999,16611
"Research & Development",1662,4374,19999,15625
"Research & Development",94,2703,19999,17296
"Research & Development",95,2501,19999,17498
"Research & Development",96,6220,19999,13779
"Research & Development",97,3038,19999,16961
"Research & Development",98,4424,19999,15575
"Research & Development",1664,6842,19999,13157
"Research & Development",101,13245,19999,6754
"Research & Development",102,13664,19999,6335
"Research & Development",104,5126,19999,14873
"Research & Development",105,2859,19999,17140
"Research & Development",1665,17426,19999,2573
"Research & Development",107,5329,19999,14670
"Research & Development",110,4325,19999,15674
"Research & Development",112,7260,19999,12739
"Research & Development",1666,17603,19999,2396
"Research & Development",116,2075,19999,17924
"Research & Development",117,4152,19999,15847
"Research & Development",1668,4735,19999,15264
"Research & Development",119,13503,19999,6496
"Research & Development",1671,5470,19999,14529
"Research & Development",1674,2587,19999,17412
"Research & Development",124,10673,19999,9326
"Research & Development",1675,2440,19999,17559
"Research & Development",126,13549,19999,6450
"Research & Development",1677,15379,19999,4620
"Research & Development",1682,5347,19999,14652
"Research & Development",1684,3989,19999,16010
"Research & Development",132,2042,19999,17957
"Research & Development",134,2956,19999,17043
"Research & Development",137,2926,19999,17073
"Research & Development",138,4809,19999,15190
"Research & Development",139,5163,19999,14836
"Research & Development",141,18172,19999,1827
"Research & Development",1687,3306,19999,16693
"Research & Development",143,2889,19999,17110
"Research & Development",144,2871,19999,17128
"Research & Development",145,7484,19999,12515
"Research & Development",147,6074,19999,13925
"Research & Development",150,2774,19999,17225
"Research & Development",151,4505,19999,15494
"Research & Development",1689,7005,19999,12994
"Research & Development",153,11631,19999,8368
"Research & Development",1692,1393,19999,18606
"Research & Development",155,2835,19999,17164
"Research & Development",1693,2570,19999,17429
"Research & Development",159,2613,19999,17386
"Research & Development",1694,3537,19999,16462
"Research & Development",161,4963,19999,15036
"Research & Development",162,19537,19999,462
"Research & Development",1696,3986,19999,16013
"Research & Development",164,2368,19999,17631
"Research & Development",165,10312,19999,9687
"Research & Development",1697,10883,19999,9116
"Research & Development",169,2523,19999,17476
"Research & Development",170,6567,19999,13432
"Research & Development",171,4739,19999,15260
"Research & Development",1698,2028,19999,17971
"Research & Development",1701,2929,19999,17070
"Research & Development",1703,7879,19999,12120
"Research & Development",178,4941,19999,15058
"Research & Development",179,10650,19999,9349
"Research & Development",1704,4930,19999,15069
"Research & Development",1707,4401,19999,15598
"Research & Development",190,4200,19999,15799
"Research & Development",192,3452,19999,16547
"Research & Development",193,4317,19999,15682
"Research & Development",194,2632,19999,17367
"Research & Development",1709,2974,19999,17025
"Research & Development",197,3204,19999,16795
"Research & Development",198,2720,19999,17279
"Research & Development",199,17181,19999,2818
"Research & Development",200,2238,19999,17761
"Research & Development",201,1483,19999,18516
"Research & Development",202,5605,19999,14394
"Research & Development",1712,10748,19999,9251
"Research & Development",1718,2305,19999,17694
"Research & Development",206,2348,19999,17651
"Research & Development",1719,16704,19999,3295
"Research & Development",208,4319,19999,15680
"Research & Development",211,6132,19999,13867
"Research & Development",214,3346,19999,16653
"Research & Development",1720,3433,19999,16566
"Research & Development",1721,3477,19999,16522
"Research & Development",217,2323,19999,17676
"Research & Development",218,2024,19999,17975
"Research & Development",221,2713,19999,17286
"Research & Development",223,9439,19999,10560
"Research & Development",224,2566,19999,17433
"Research & Development",226,19926,19999,73
"Research & Development",227,2451,19999,17548
"Research & Development",1724,6516,19999,13483
"Research & Development",1725,3907,19999,16092
"Research & Development",231,3038,19999,16961
"Research & Development",233,3058,19999,16941
"Research & Development",1727,5562,19999,14437
"Research & Development",238,2088,19999,17911
"Research & Development",239,3072,19999,16927
"Research & Development",1728,6883,19999,13116
"Research & Development",241,4257,19999,15742
"Research & Development",242,2500,19999,17499
"Research & Development",243,1102,19999,18897
"Research & Development",1729,2862,19999,17137
"Research & Development",245,2288,19999,17711
"Research & Development",246,3929,19999,16070
"Research & Development",247,2311,19999,17688
"Research & Development",1735,3295,19999,16704
"Research & Development",1022,4240,19999,15759
"Research & Development",250,4450,19999,15549
"Research & Development",252,2756,19999,17243
"Research & Development",253,19033,19999,966
"Research & Development",254,18722,19999,1277
"Research & Development",256,9547,19999,10452
"Research & Development",258,13734,19999,6265
"Research & Development",259,19999,19999,0
"Research & Development",260,2279,19999,17720
"Research & Development",261,5916,19999,14083
"Research & Development",262,2089,19999,17910
"Research & Development",264,16792,19999,3207
"Research & Development",267,3564,19999,16435
"Research & Development",269,4425,19999,15574
"Research & Development",270,5265,19999,14734
"Research & Development",271,6553,19999,13446
"Research & Development",273,6261,19999,13738
"Research & Development",274,4298,19999,15701
"Research & Development",275,6804,19999,13195
"Research & Development",277,3815,19999,16184
"Research & Development",281,2741,19999,17258
"Research & Development",282,6673,19999,13326
"Research & Development",1736,5238,19999,14761
"Research & Development",284,2328,19999,17671
"Research & Development",286,2153,19999,17846
"Research & Development",287,4876,19999,15123
"Research & Development",288,9396,19999,10603
"Research & Development",1737,6472,19999,13527
"Research & Development",292,8474,19999,11525
"Research & Development",1745,4968,19999,15031
"Research & Development",296,12490,19999,7509
"Research & Development",297,2657,19999,17342
"Research & Development",1751,3445,19999,16554
"Research & Development",1753,6294,19999,13705
"Research & Development",300,2058,19999,17941
"Research & Development",1755,2932,19999,17067
"Research & Development",1760,2468,19999,17531
"Research & Development",304,5914,19999,14085
"Research & Development",305,2622,19999,17377
"Research & Development",306,12185,19999,7814
"Research & Development",1762,2109,19999,17890
"Research & Development",308,4345,19999,15654
"Research & Development",309,2177,19999,17822
"Research & Development",1763,5294,19999,14705
"Research & Development",1764,2718,19999,17281
"Research & Development",1766,5811,19999,14188
"Research & Development",315,2389,19999,17610
"Research & Development",316,3212,19999,16787
"Research & Development",319,19232,19999,767
"Research & Development",1767,2437,19999,17562
"Research & Development",325,2436,19999,17563
"Research & Development",1768,2766,19999,17233
"Research & Development",328,2707,19999,17292
"Research & Development",1770,19038,19999,961
"Research & Development",1771,3055,19999,16944
"Research & Development",331,3730,19999,16269
"Research & Development",332,2232,19999,17767
"Research & Development",1772,2289,19999,17710
"Research & Development",334,3072,19999,16927
"Research & Development",335,3319,19999,16680
"Research & Development",336,19202,19999,797
"Research & Development",337,13675,19999,6324
"Research & Development",338,2911,19999,17088
"Research & Development",339,5957,19999,14042
"Research & Development",340,3920,19999,16079
"Research & Development",341,6434,19999,13565
"Research & Development",342,10048,19999,9951
"Research & Development",343,10938,19999,9061
"Research & Development",346,2340,19999,17659
"Research & Development",347,6545,19999,13454
"Research & Development",1775,12965,19999,7034
"Research & Development",350,4898,19999,15101
"Research & Development",351,2593,19999,17406
"Research & Development",352,19436,19999,563
"Research & Development",353,2723,19999,17276
"Research & Development",355,3479,19999,16520
"Research & Development",359,2794,19999,17205
"Research & Development",1782,3702,19999,16297
"Research & Development",362,2176,19999,17823
"Research & Development",1783,2398,19999,17601
"Research & Development",364,3485,19999,16514
"Research & Development",1786,13116,19999,6883
"Research & Development",367,5582,19999,14417
"Research & Development",369,4000,19999,15999
"Research & Development",372,13496,19999,6503
"Research & Development",373,3210,19999,16789
"Research & Development",374,19045,19999,954
"Research & Development",376,11849,19999,8150
"Research & Development",377,2070,19999,17929
"Research & Development",1789,19328,19999,671
"Research & Development",379,3230,19999,16769
"Research & Development",380,13603,19999,6396
"Research & Development",381,11996,19999,8003
"Research & Development",1790,8321,19999,11678
"Research & Development",384,6397,19999,13602
"Research & Development",385,19144,19999,855
"Research & Development",386,17584,19999,2415
"Research & Development",1792,2342,19999,17657
"Research & Development",1798,3143,19999,16856
"Research & Development",389,5415,19999,14584
"Research & Development",390,4741,19999,15258
"Research & Development",391,2115,19999,17884
"Research & Development",392,3161,19999,16838
"Research & Development",393,5745,19999,14254
"Research & Development",394,2373,19999,17626
"Research & Development",395,3310,19999,16689
"Research & Development",396,18665,19999,1334
"Research & Development",397,4485,19999,15514
"Research & Development",1799,2044,19999,17955
"Research & Development",1800,13464,19999,6535
"Research & Development",403,2326,19999,17673
"Research & Development",1803,5538,19999,14461
"Research & Development",405,1420,19999,18579
"Research & Development",1804,5762,19999,14237
"Research & Development",407,3688,19999,16311
"Research & Development",408,5482,19999,14517
"Research & Development",1807,5346,19999,14653
"Research & Development",1809,4213,19999,15786
"Research & Development",412,5661,19999,14338
"Research & Development",1813,2438,19999,17561
"Research & Development",417,9613,19999,10386
"Research & Development",419,5674,19999,14325
"Research & Development",1814,6870,19999,13129
"Research & Development",421,12061,19999,7938
"Research & Development",422,5660,19999,14339
"Research & Development",423,4821,19999,15178
"Research & Development",425,5210,19999,14789
"Research & Development",426,2695,19999,17304
"Research & Development",428,11878,19999,8121
"Research & Development",429,17068,19999,2931
"Research & Development",430,2455,19999,17544
"Research & Development",431,13964,19999,6035
"Research & Development",433,4941,19999,15058
"Research & Development",434,2478,19999,17521
"Research & Development",1816,9667,19999,10332
"Research & Development",1821,8926,19999,11073
"Research & Development",1822,6513,19999,13486
"Research & Development",439,5055,19999,14944
"Research & Development",440,3464,19999,16535
"Research & Development",441,5775,19999,14224
"Research & Development",442,8943,19999,11056
"Research & Development",444,19272,19999,727
"Research & Development",1826,2705,19999,17294
"Research & Development",1827,10333,19999,9666
"Research & Development",447,18300,19999,1699
"Research & Development",448,5257,19999,14742
"Research & Development",1829,4448,19999,15551
"Research & Development",450,4869,19999,15130
"Research & Development",451,9985,19999,10014
"Research & Development",452,3697,19999,16302
"Research & Development",1830,6854,19999,13145
"Research & Development",454,2119,19999,17880
"Research & Development",455,3983,19999,16016
"Research & Development",1834,3591,19999,16408
"Research & Development",1837,15787,19999,4212
"Research & Development",460,6347,19999,13652
"Research & Development",461,11510,19999,8489
"Research & Development",462,7143,19999,12856
"Research & Development",1839,1514,19999,18485
"Research & Development",464,8095,19999,11904
"Research & Development",465,2904,19999,17095
"Research & Development",466,6032,19999,13967
"Research & Development",1847,6962,19999,13037
"Research & Development",468,15992,19999,4007
"Research & Development",1850,2379,19999,17620
"Research & Development",471,2370,19999,17629
"Research & Development",1852,3812,19999,16187
"Research & Development",474,5974,19999,14025
"Research & Development",1854,2936,19999,17063
"Research & Development",1856,2105,19999,17894
"Research & Development",477,6781,19999,13218
"Research & Development",1857,8578,19999,11421
"Research & Development",1859,6384,19999,13615
"Research & Development",1860,3968,19999,16031
"Research & Development",482,6755,19999,13244
"Research & Development",483,2213,19999,17786
"Research & Development",1866,19392,19999,607
"Research & Development",1867,19665,19999,334
"Research & Development",486,3452,19999,16547
"Research & Development",487,5258,19999,14741
"Research & Development",1868,2439,19999,17560
"Research & Development",491,10496,19999,9503
"Research & Development",1870,4774,19999,15225
"Research & Development",493,2657,19999,17342
"Research & Development",1871,3902,19999,16097
"Research & Development",495,2201,19999,17798
"Research & Development",496,6540,19999,13459
"Research & Development",497,3816,19999,16183
"Research & Development",1873,2662,19999,17337
"Research & Development",499,10965,19999,9034
"Research & Development",1878,2472,19999,17527
"Research & Development",501,2543,19999,17456
"Research & Development",1881,4197,19999,15802
"Research & Development",505,16659,19999,3340
"Research & Development",1883,2062,19999,17937
"Research & Development",1885,4284,19999,15715
"Research & Development",510,3102,19999,16897
"Research & Development",511,2244,19999,17755
"Research & Development",1886,4788,19999,15211
"Research & Development",514,2285,19999,17714
"Research & Development",515,3034,19999,16965
"Research & Development",1888,5906,19999,14093
"Research & Development",517,2576,19999,17423
"Research & Development",518,4197,19999,15802
"Research & Development",520,14336,19999,5663
"Research & Development",521,3448,19999,16551
"Research & Development",522,19406,19999,593
"Research & Development",1892,16823,19999,3176
"Research & Development",524,4306,19999,15693
"Research & Development",525,2258,19999,17741
"Research & Development",526,4522,19999,15477
"Research & Development",1893,2933,19999,17066
"Research & Development",529,4449,19999,15550
"Research & Development",530,2218,19999,17781
"Research & Development",531,19197,19999,802
"Research & Development",1900,17174,19999,2825
"Research & Development",1903,5033,19999,14966
"Research & Development",1905,2307,19999,17692
"Research & Development",536,4558,19999,15441
"Research & Development",538,4031,19999,15968
"Research & Development",543,7969,19999,12030
"Research & Development",544,2654,19999,17345
"Research & Development",546,16555,19999,3444
"Research & Development",547,4556,19999,15443
"Research & Development",548,6091,19999,13908
"Research & Development",549,19566,19999,433
"Research & Development",550,4810,19999,15189
"Research & Development",551,4523,19999,15476
"Research & Development",1907,2587,19999,17412
"Research & Development",1911,13348,19999,6651
"Research & Development",556,1702,19999,18297
"Research & Development",1916,3978,19999,16021
"Research & Development",560,2886,19999,17113
"Research & Development",562,2097,19999,17902
"Research & Development",564,11935,19999,8064
"Research & Development",565,2546,19999,17453
"Research & Development",1918,2544,19999,17455
"Research & Development",1922,5399,19999,14600
"Research & Development",569,17046,19999,2953
"Research & Development",571,2564,19999,17435
"Research & Development",1931,2226,19999,17773
"Research & Development",574,5070,19999,14929
"Research & Development",575,17861,19999,2138
"Research & Development",577,4230,19999,15769
"Research & Development",578,3780,19999,16219
"Research & Development",579,2768,19999,17231
"Research & Development",1932,5747,19999,14252
"Research & Development",581,10648,19999,9351
"Research & Development",582,13610,19999,6389
"Research & Development",584,3408,19999,16591
"Research & Development",1934,5467,19999,14532
"Research & Development",586,7632,19999,12367
"Research & Development",587,9824,19999,10175
"Research & Development",591,2093,19999,17906
"Research & Development",1936,5151,19999,14848
"Research & Development",593,3894,19999,16105
"Research & Development",1937,2133,19999,17866
"Research & Development",1939,2432,19999,17567
"Research & Development",1940,4771,19999,15228
"Research & Development",1941,19161,19999,838
"Research & Development",601,13237,19999,6762
"Research & Development",602,3755,19999,16244
"Research & Development",1947,2144,19999,17855
"Research & Development",605,7406,19999,12593
"Research & Development",1948,3065,19999,16934
"Research & Development",611,4262,19999,15737
"Research & Development",612,16184,19999,3815
"Research & Development",1949,2810,19999,17189
"Research & Development",1952,2867,19999,17132
"Research & Development",1954,5373,19999,14626
"Research & Development",616,6811,19999,13188
"Research & Development",1955,6667,19999,13332
"Research & Development",1956,5003,19999,14996
"Research & Development",1960,2367,19999,17632
"Research & Development",622,2340,19999,17659
"Research & Development",623,7491,19999,12508
"Research & Development",624,10527,19999,9472
"Research & Development",1966,9679,19999,10320
"Research & Development",1969,2897,19999,17102
"Research & Development",630,5577,19999,14422
"Research & Development",1970,5968,19999,14031
"Research & Development",1971,7510,19999,12489
"Research & Development",634,9824,19999,10175
"Research & Development",635,6447,19999,13552
"Research & Development",638,19502,19999,497
"Research & Development",639,2725,19999,17274
"Research & Development",1974,1129,19999,18870
"Research & Development",643,2127,19999,17872
"Research & Development",1976,4332,19999,15667
"Research & Development",647,2886,19999,17113
"Research & Development",1979,11031,19999,8968
"Research & Development",649,3622,19999,16377
"Research & Development",1980,4440,19999,15559
"Research & Development",652,3681,19999,16318
"Research & Development",1981,4617,19999,15382
"Research & Development",655,2187,19999,17812
"Research & Development",1982,2647,19999,17352
"Research & Development",657,2836,19999,17163
"Research & Development",659,4089,19999,15910
"Research & Development",661,16627,19999,3372
"Research & Development",662,2619,19999,17380
"Research & Development",663,5679,19999,14320
"Research & Development",664,15402,19999,4597
"Research & Development",1985,6323,19999,13676
"Research & Development",1989,3748,19999,16251
"Research & Development",1992,3977,19999,16022
"Research & Development",671,19513,19999,486
"Research & Development",675,2773,19999,17226
"Research & Development",1993,8633,19999,11366
"Research & Development",679,6322,19999,13677
"Research & Development",680,2083,19999,17916
"Research & Development",1994,2008,19999,17991
"Research & Development",683,2691,19999,17308
"Research & Development",1997,5321,19999,14678
"Research & Development",686,2659,19999,17340
"Research & Development",689,9434,19999,10565
"Research & Development",1998,5410,19999,14589
"Research & Development",691,6646,19999,13353
"Research & Development",692,7725,19999,12274
"Research & Development",699,8847,19999,11152
"Research & Development",700,2045,19999,17954
"Research & Development",701,1009,19999,18990
"Research & Development",702,3348,19999,16651
"Research & Development",704,1281,19999,18718
"Research & Development",705,2819,19999,17180
"Research & Development",1999,2782,19999,17217
"Research & Development",2000,11957,19999,8042
"Research & Development",710,2720,19999,17279
"Research & Development",2003,2660,19999,17339
"Research & Development",2007,3375,19999,16624
"Research & Development",715,4680,19999,15319
"Research & Development",716,3221,19999,16778
"Research & Development",717,8621,19999,11378
"Research & Development",2008,5098,19999,14901
"Research & Development",721,4553,19999,15446
"Research & Development",2009,4878,19999,15121
"Research & Development",2010,2837,19999,17162
"Research & Development",724,7625,19999,12374
"Research & Development",725,7412,19999,12587
"Research & Development",727,11159,19999,8840
"Research & Development",2012,2406,19999,17593
"Research & Development",2014,4108,19999,15891
"Research & Development",730,14814,19999,5185
"Research & Development",2015,13206,19999,6793
"Research & Development",733,8793,19999,11206
"Research & Development",2017,13744,19999,6255
"Research & Development",741,2216,19999,17783
"Research & Development",742,11713,19999,8286
"Research & Development",743,7861,19999,12138
"Research & Development",744,3708,19999,16291
"Research & Development",2020,2436,19999,17563
"Research & Development",2022,19431,19999,568
"Research & Development",2025,5131,19999,14868
"Research & Development",752,2759,19999,17240
"Research & Development",2026,6306,19999,13693
"Research & Development",757,6142,19999,13857
"Research & Development",758,2500,19999,17499
"Research & Development",762,11103,19999,8896
"Research & Development",763,2342,19999,17657
"Research & Development",764,6811,19999,13188
"Research & Development",2027,4787,19999,15212
"Research & Development",769,2450,19999,17549
"Research & Development",771,5093,19999,14906
"Research & Development",772,5309,19999,14690
"Research & Development",773,3057,19999,16942
"Research & Development",775,5121,19999,14878
"Research & Development",2031,18880,19999,1119
"Research & Development",780,2686,19999,17313
"Research & Development",2032,2339,19999,17660
"Research & Development",2034,13570,19999,6429
"Research & Development",784,3505,19999,16494
"Research & Development",2038,2439,19999,17560
"Research & Development",2048,2809,19999,17190
"Research & Development",787,19859,19999,140
"Research & Development",2049,5689,19999,14310
"Research & Development",791,4258,19999,15741
"Research & Development",792,4364,19999,15635
"Research & Development",793,4335,19999,15664
"Research & Development",2051,2001,19999,17998
"Research & Development",797,3280,19999,16719
"Research & Development",799,5485,19999,14514
"Research & Development",2052,2977,19999,17022
"Research & Development",802,2782,19999,17217
"Research & Development",803,5980,19999,14019
"Research & Development",804,4381,19999,15618
"Research & Development",2053,4025,19999,15974
"Research & Development",806,3833,19999,16166
"Research & Development",807,4244,19999,15755
"Research & Development",2054,3785,19999,16214
"Research & Development",809,18430,19999,1569
"Research & Development",811,1601,19999,18398
"Research & Development",812,2694,19999,17305
"Research & Development",813,3149,19999,16850
"Research & Development",815,17639,19999,2360
"Research & Development",816,2319,19999,17680
"Research & Development",817,11691,19999,8308
"Research & Development",2057,9936,19999,10063
"Research & Development",820,16752,19999,3247
"Research & Development",823,5228,19999,14771
"Research & Development",824,2700,19999,17299
"Research & Development",825,19246,19999,753
"Research & Development",826,2506,19999,17493
"Research & Development",827,6062,19999,13937
"Research & Development",828,4382,19999,15617
"Research & Development",830,6162,19999,13837
"Research & Development",832,5094,19999,14905
"Research & Development",833,6877,19999,13122
"Research & Development",834,2274,19999,17725
"Research & Development",836,4434,19999,15565
"Research & Development",837,6288,19999,13711
"Research & Development",838,2553,19999,17446
"Research & Development",2061,2571,19999,17428
"Research & Development",2062,9991,19999,10008
"Research & Development",843,17159,19999,2840
"Research & Development",844,12808,19999,7191
"Research & Development",845,10221,19999,9778
"Research & Development",2064,6142,19999,13857
"Research & Development",848,2366,19999,17633
"Research & Development",850,1706,19999,18293
"Research & Development",852,5933,19999,14066
"Research & Development",854,3424,19999,16575
"Research & Development",856,2559,19999,17440
"Research & Development",861,3761,19999,16238
"Research & Development",865,5175,19999,14824
"Research & Development",867,13826,19999,6173
"Research & Development",872,4775,19999,15224
"Research & Development",874,2818,19999,17181
"Research & Development",875,2515,19999,17484
"Research & Development",880,10685,19999,9314
"Research & Development",881,2022,19999,17977
"Research & Development",882,2314,19999,17685
"Research & Development",887,3580,19999,16419
"Research & Development",888,3162,19999,16837
"Research & Development",894,5231,19999,14768
"Research & Development",895,2356,19999,17643
"Research & Development",899,10903,19999,9096
"Research & Development",901,14275,19999,5724
"Research & Development",902,5562,19999,14437
"Research & Development",905,17924,19999,2075
"Research & Development",911,2795,19999,17204
"Research & Development",912,2532,19999,17467
"Research & Development",913,2559,19999,17440
"Research & Development",918,2380,19999,17619
"Research & Development",920,4765,19999,15234
"Research & Development",923,2693,19999,17306
"Research & Development",924,6586,19999,13413
"Research & Development",926,4171,19999,15828
"Research & Development",927,2778,19999,17221
"Research & Development",930,2377,19999,17622
"Research & Development",932,2404,19999,17595
"Research & Development",933,2318,19999,17681
"Research & Development",934,2008,19999,17991
"Research & Development",939,2799,19999,17200
"Research & Development",940,10552,19999,9447
"Research & Development",942,4014,19999,15985
"Research & Development",944,7403,19999,12596
"Research & Development",945,2259,19999,17740
"Research & Development",949,4678,19999,15321
"Research & Development",950,13582,19999,6417
"Research & Development",951,2332,19999,17667
"Research & Development",957,4721,19999,15278
"Research & Development",958,2519,19999,17480
"Research & Development",960,2973,19999,17026
"Research & Development",961,5855,19999,14144
"Research & Development",964,3617,19999,16382
"Research & Development",966,6725,19999,13274
"Research & Development",969,6949,19999,13050
"Research & Development",972,4447,19999,15552
"Research & Development",976,17099,19999,2900
"Research & Development",977,2479,19999,17520
"Research & Development",987,5067,19999,14932
"Research & Development",991,2321,19999,17678
"Research & Development",994,2404,19999,17595
"Research & Development",995,3452,19999,16547
"Research & Development",996,2270,19999,17729
"Research & Development",997,17399,19999,2600
"Research & Development",998,5488,19999,14511
"Research & Development",999,19419,19999,580
"Research & Development",1001,2811,19999,17188
"Research & Development",1002,3633,19999,16366
"Research & Development",1004,2132,19999,17867
"Research & Development",1005,13973,19999,6026
"Research & Development",1006,2684,19999,17315
"Research & Development",1007,10845,19999,9154
"Research & Development",1009,4377,19999,15622
"Research & Development",1010,3743,19999,16256
"Research & Development",1011,4148,19999,15851
"Research & Development",1012,1051,19999,18948
"Research & Development",1013,10739,19999,9260
"Research & Development",1014,10388,19999,9611
"Research & Development",1015,11416,19999,8583
"Research & Development",1016,2600,19999,17399
"Research & Development",1017,2422,19999,17577
"Research & Development",1018,5472,19999,14527
"Research & Development",1019,2451,19999,17548
"Research & Development",2068,4404,19999,15595
"Research & Development",1024,10999,19999,9000
"Research & Development",1025,5003,19999,14996
"Research & Development",1026,12742,19999,7257
"Research & Development",1027,4227,19999,15772
"Research & Development",1028,3917,19999,16082
"Research & Development",1030,2380,19999,17619
"Research & Development",1032,13726,19999,6273
"Research & Development",1033,4777,19999,15222
"Research & Development",1034,6385,19999,13614
"Research & Development",1035,19973,19999,26
"Research & Development",1042,2743,19999,17256
"Research & Development",1043,10880,19999,9119
"Research & Development",1046,4025,19999,15974
"Research & Development",1052,4834,19999,15165
"Research & Development",1053,2042,19999,17957
"Research & Development",1060,2821,19999,17178
"Research & Development",1061,19237,19999,762
"Research & Development",1062,4107,19999,15892
"Research & Development",1068,2007,19999,17992
"Research & Development",1069,19627,19999,372
"Research & Development",1071,2942,19999,17057
"Research & Development",1073,8858,19999,11141
"Research & Development",1074,16756,19999,3243
"Research & Development",1079,1416,19999,18583
"Research & Development",1080,4615,19999,15384
"Research & Development",1081,2461,19999,17538
"Research & Development",1082,8722,19999,11277
"Research & Development",1083,3955,19999,16044
"Research & Development",1084,9957,19999,10042
"Research & Development",1085,3376,19999,16623
"Research & Development",1088,8823,19999,11176
"Research & Development",1092,10322,19999,9677
"Research & Development",1094,4621,19999,15378
"Research & Development",1096,10976,19999,9023
"Research & Development",1097,3660,19999,16339
"Research & Development",1099,7119,19999,12880
"Research & Development",1101,4508,19999,15491
"Research & Development",1102,2207,19999,17792
"Research & Development",1103,7756,19999,12243
"Research & Development",1106,3691,19999,16308
"Research & Development",1107,2377,19999,17622
"Research & Development",1108,2313,19999,17686
"Research & Development",1109,17665,19999,2334
"Research & Development",1111,2596,19999,17403
"Research & Development",1115,2979,19999,17020
"Research & Development",1116,16885,19999,3114
"Research & Development",1118,10445,19999,9554
"Research & Development",1120,2514,19999,17485
"Research & Development",1121,7655,19999,12344
"Research & Development",1126,10820,19999,9179
"Research & Development",1127,12169,19999,7830
"Research & Development",1128,19626,19999,373
"Research & Development",1131,2070,19999,17929
"Research & Development",1132,6782,19999,13217
"Research & Development",1133,7779,19999,12220
"Research & Development",1136,3201,19999,16798
"Research & Development",1140,4033,19999,15966
"Research & Development",1143,3291,19999,16708
"Research & Development",1148,4272,19999,15727
"Research & Development",1150,5056,19999,14943
"Research & Development",1154,2703,19999,17296
"Research & Development",1156,1904,19999,18095
"Research & Development",1158,4766,19999,15233
"Research & Development",1160,2610,19999,17389
"Research & Development",1161,5731,19999,14268
"Research & Development",1162,2539,19999,17460
"Research & Development",1166,13499,19999,6500
"Research & Development",1172,2258,19999,17741
"Research & Development",1173,3597,19999,16402
"Research & Development",1175,2515,19999,17484
"Research & Development",1177,4420,19999,15579
"Research & Development",1180,4422,19999,15577
"Research & Development",1182,10274,19999,9725
"Research & Development",1184,5343,19999,14656
"Research & Development",1185,2376,19999,17623
"Research & Development",1191,19943,19999,56
"Research & Development",1192,3131,19999,16868
"Research & Development",1193,2552,19999,17447
"Research & Development",1195,4477,19999,15522
"Research & Development",1196,6474,19999,13525
"Research & Development",1198,3033,19999,16966
"Research & Development",1200,2936,19999,17063
"Research & Development",1201,18606,19999,1393
"Research & Development",1202,2168,19999,17831
"Research & Development",1203,2853,19999,17146
"Research & Development",1206,2290,19999,17709
"Research & Development",1210,2107,19999,17892
"Research & Development",1215,17856,19999,2143
"Research & Development",1216,3196,19999,16803
"Research & Development",1217,19081,19999,918
"Research & Development",1219,2210,19999,17789
"Research & Development",1221,2741,19999,17258
"Research & Development",1224,3491,19999,16508
"Research & Development",1225,4541,19999,15458
"Research & Development",1228,7379,19999,12620
"Research & Development",1234,2743,19999,17256
"Research & Development",1235,4998,19999,15001
"Research & Development",1237,10252,19999,9747
"Research & Development",1238,2781,19999,17218
"Research & Development",1241,3579,19999,16420
"Research & Development",1242,13191,19999,6808
"Research & Development",1244,2235,19999,17764
"Research & Development",1245,10502,19999,9497
"Research & Development",1246,2011,19999,17988
"Research & Development",1248,1859,19999,18140
"Research & Development",1249,3760,19999,16239
"Research & Development",1250,17779,19999,2220
"Research & Development",1251,6833,19999,13166
"Research & Development",1252,6812,19999,13187
"Research & Development",1255,19740,19999,259
"Research & Development",1256,18711,19999,1288
"Research & Development",1257,3692,19999,16307
"Research & Development",1258,2559,19999,17440
"Research & Development",1259,2517,19999,17482
"Research & Development",1260,6623,19999,13376
"Research & Development",1263,18265,19999,1734
"Research & Development",1264,16124,19999,3875
"Research & Development",1265,2585,19999,17414
"Research & Development",1269,2994,19999,17005
"Research & Development",1270,1223,19999,18776
"Research & Development",1275,2875,19999,17124
"Research & Development",1278,13577,19999,6422
"Research & Development",1279,2625,19999,17374
"Research & Development",1283,10512,19999,9487
"Research & Development",1285,4444,19999,15555
"Research & Development",1286,2154,19999,17845
"Research & Development",1288,19190,19999,809
"Research & Development",1291,3506,19999,16493
"Research & Development",1292,2372,19999,17627
"Research & Development",1294,5410,19999,14589
"Research & Development",1295,7978,19999,12021
"Research & Development",1296,3867,19999,16132
"Research & Development",1297,2838,19999,17161
"Research & Development",1298,4695,19999,15304
"Research & Development",1299,3339,19999,16660
"Research & Development",1301,2080,19999,17919
"Research & Development",1303,2096,19999,17903
"Research & Development",1306,18061,19999,1938
"Research & Development",1307,17123,19999,2876
"Research & Development",1308,2372,19999,17627
"Research & Development",1309,4883,19999,15116
"Research & Development",1310,3904,19999,16095
"Research & Development",1311,4627,19999,15372
"Research & Development",1312,7094,19999,12905
"Research & Development",1315,6674,19999,13325
"Research & Development",1317,16880,19999,3119
"Research & Development",1321,11916,19999,8083
"Research & Development",1322,4534,19999,15465
"Research & Development",1333,2362,19999,17637
"Research & Development",1334,17861,19999,2138
"Research & Development",1336,19187,19999,812
"Research & Development",1340,3544,19999,16455
"Research & Development",1344,8500,19999,11499
"Research & Development",1346,4661,19999,15338
"Research & Development",1350,4249,19999,15750
"Research & Development",1358,3669,19999,16330
"Research & Development",1360,10008,19999,9991
"Research & Development",1361,2387,19999,17612
"Research & Development",1363,7898,19999,12101
"Research & Development",1367,13142,19999,6857
"Research & Development",1368,1611,19999,18388
"Research & Development",1369,5363,19999,14636
"Research & Development",1373,13402,19999,6597
"Research & Development",1374,2029,19999,17970
"Research & Development",1375,6377,19999,13622
"Research & Development",1377,5429,19999,14570
"Research & Development",1382,2610,19999,17389
"Research & Development",1383,6687,19999,13312
"Research & Development",1389,6179,19999,13820
"Research & Development",1392,5467,19999,14532
"Research & Development",1394,2996,19999,17003
"Research & Development",1397,10920,19999,9079
"Research & Development",1401,13247,19999,6752
"Research & Development",1402,4081,19999,15918
"Research & Development",1405,2394,19999,17605
"Research & Development",1407,3904,19999,16095
"Research & Development",1409,2950,19999,17049
"Research & Development",1411,3629,19999,16370
"Research & Development",1412,9362,19999,10637
"Research & Development",1415,3229,19999,16770
"Research & Development",1417,3578,19999,16421
"Research & Development",1420,4284,19999,15715
"Research & Development",1421,7553,19999,12446
"Research & Development",1422,17328,19999,2671
"Research & Development",1423,19701,19999,298
"Research & Development",1424,14732,19999,5267
"Research & Development",1430,16422,19999,3577
"Research & Development",1431,2996,19999,17003
"Research & Development",1433,1261,19999,18738
"Research & Development",1434,2099,19999,17900
"Research & Development",1435,5810,19999,14189
"Research & Development",1438,3420,19999,16579
"Research & Development",1440,3500,19999,16499
"Research & Development",1441,2066,19999,17933
"Research & Development",1443,17169,19999,2830
"Research & Development",1447,3294,19999,16705
"Research & Development",1448,2127,19999,17872
"Research & Development",1449,3975,19999,16024
"Research & Development",1458,3646,19999,16353
"Research & Development",1459,7446,19999,12553
"Research & Development",1460,10851,19999,9148
"Research & Development",1464,3722,19999,16277
"Research & Development",1465,9380,19999,10619
"Research & Development",1468,13757,19999,6242
"Research & Development",1471,3162,19999,16837
"Research & Development",1472,16598,19999,3401
"Research & Development",1473,6651,19999,13348
"Research & Development",1474,2345,19999,17654
"Research & Development",1475,3420,19999,16579
"Research & Development",1480,3673,19999,16326
"Research & Development",1482,1274,19999,18725
"Research & Development",1483,4900,19999,15099
"Research & Development",1484,10466,19999,9533
"Research & Development",1485,17007,19999,2992
"Research & Development",1494,3172,19999,16827
"Research & Development",1496,10209,19999,9790
"Research & Development",1501,4035,19999,15964
"Research & Development",1502,3838,19999,16161
"Research & Development",1504,2561,19999,17438
"Research & Development",1506,1563,19999,18436
"Research & Development",1509,4789,19999,15210
"Research & Development",1513,3180,19999,16819
"Research & Development",1514,6549,19999,13450
"Research & Development",1515,6388,19999,13611
"Research & Development",1516,11244,19999,8755
"Research & Development",1520,16032,19999,3967
"Research & Development",1522,2362,19999,17637
"Research & Development",1523,16328,19999,3671
"Research & Development",1525,8376,19999,11623
"Research & Development",1529,8606,19999,11393
"Research & Development",1533,2272,19999,17727
"Research & Development",1534,2018,19999,17981
"Research & Development",1537,4084,19999,15915
"Research & Development",1539,14411,19999,5588
"Research & Development",1542,4841,19999,15158
"Research & Development",1543,4285,19999,15714
"Research & Development",1544,9715,19999,10284
"Research & Development",1545,4320,19999,15679
"Research & Development",1546,2132,19999,17867
"Research & Development",1547,10124,19999,9875
"Research & Development",1549,5207,19999,14792
"Research & Development",1551,2296,19999,17703
"Research & Development",1552,4069,19999,15930
"Research & Development",1553,7441,19999,12558
"Research & Development",1555,5878,19999,14121
"Research & Development",1802,3377,19999,16622
"Research & Development",1558,2451,19999,17548
"Research & Development",1564,2450,19999,17549
"Research & Development",1569,2074,19999,17925
"Research & Development",1572,10169,19999,9830
"Research & Development",1573,4855,19999,15144
"Research & Development",1574,4087,19999,15912
"Research & Development",1576,2367,19999,17632
"Research & Development",1577,2972,19999,17027
"Research & Development",1580,5484,19999,14515
"Research & Development",1581,2061,19999,17938
"Research & Development",1586,4723,19999,15276
"Research & Development",1587,6142,19999,13857
"Research & Development",1590,8853,19999,11146
"Research & Development",1592,2073,19999,17926
"Research & Development",1594,5562,19999,14437
"Research & Development",1595,19613,19999,386
"Research & Development",1596,3407,19999,16592
"Research & Development",1597,5063,19999,14936
"Research & Development",1599,4876,19999,15123
"Research & Development",1601,2690,19999,17309
"Research & Development",1604,2408,19999,17591
"Research & Development",1605,2814,19999,17185
"Research & Development",1606,11245,19999,8754
"Research & Development",1607,3312,19999,16687
"Research & Development",1608,19049,19999,950
"Research & Development",1609,2141,19999,17858
"Research & Development",1611,5769,19999,14230
"Research & Development",1614,4663,19999,15336
"Research & Development",1615,4724,19999,15275
"Research & Development",1617,3211,19999,16788
"Research & Development",1618,5377,19999,14622
"Research & Development",1619,4066,19999,15933
"Research & Development",1621,5208,19999,14791
"Research & Development",1622,4877,19999,15122
"Research & Development",1623,3117,19999,16882
"Research & Development",1627,3069,19999,16930
"Research & Development",1628,10435,19999,9564
"Research & Development",1630,4148,19999,15851
"Research & Development",1631,5768,19999,14231
"Research & Development",1633,5042,19999,14957
"Research & Development",1635,5770,19999,14229
"Research & Development",1638,7756,19999,12243
Sales,23,15427,19847,4420
Sales,27,3407,19847,16440
Sales,35,6825,19847,13022
Sales,38,18947,19847,900
Sales,42,2086,19847,17761
Sales,47,2683,19847,17164
Sales,49,2014,19847,17833
Sales,52,5376,19847,14471
Sales,56,8726,19847,11121
Sales,60,4568,19847,15279
Sales,62,5772,19847,14075
Sales,68,5454,19847,14393
Sales,72,4157,19847,15690
Sales,74,9069,19847,10778
Sales,81,7637,19847,12210
Sales,91,5473,19847,14374
Sales,100,4312,19847,15535
Sales,106,10239,19847,9608
Sales,113,2322,19847,17525
Sales,118,9619,19847,10228
Sales,120,5441,19847,14406
Sales,121,5209,19847,14638
Sales,125,5010,19847,14837
Sales,128,4999,19847,14848
Sales,129,4221,19847,15626
Sales,131,13872,19847,5975
Sales,142,5744,19847,14103
Sales,152,7428,19847,12419
Sales,154,9738,19847,10109
Sales,158,16959,19847,2888
Sales,160,6146,19847,13701
Sales,163,6172,19847,13675
Sales,167,1675,19847,18172
Sales,174,9208,19847,10639
Sales,175,4559,19847,15288
Sales,176,8189,19847,11658
Sales,182,5902,19847,13945
Sales,183,8639,19847,11208
Sales,195,4668,19847,15179
Sales,204,7295,19847,12552
Sales,205,2306,19847,17541
Sales,207,8998,19847,10849
Sales,215,10855,19847,8992
Sales,216,2231,19847,17616
Sales,228,9419,19847,10428
Sales,230,8686,19847,11161
Sales,235,2325,19847,17522
Sales,240,5006,19847,14841
Sales,244,10453,19847,9394
Sales,248,3140,19847,16707
Sales,283,7639,19847,12208
Sales,291,10400,19847,9447
Sales,293,9981,19847,9866
Sales,298,13591,19847,6256
Sales,299,6696,19847,13151
Sales,302,8865,19847,10982
Sales,303,5940,19847,13907
Sales,307,10609,19847,9238
Sales,311,2793,19847,17054
Sales,312,7918,19847,11929
Sales,314,8789,19847,11058
Sales,323,19517,19847,330
Sales,327,16064,19847,3783
Sales,329,19068,19847,779
Sales,330,3931,19847,15916
Sales,333,4465,19847,15382
Sales,349,6931,19847,12916
Sales,361,5249,19847,14598
Sales,363,16872,19847,2975
Sales,366,6644,19847,13203
Sales,378,6502,19847,13345
Sales,382,5605,19847,14242
Sales,387,4907,19847,14940
Sales,388,4554,19847,15293
Sales,399,2789,19847,17058
Sales,401,5828,19847,14019
Sales,404,13525,19847,6322
Sales,406,8020,19847,11827
Sales,410,16015,19847,3832
Sales,411,1200,19847,18647
Sales,416,6929,19847,12918
Sales,420,5484,19847,14363
Sales,436,5228,19847,14619
Sales,437,4478,19847,15369
Sales,438,7547,19847,12300
Sales,445,5238,19847,14609
Sales,446,4682,19847,15165
Sales,449,6349,19847,13498
Sales,453,7457,19847,12390
Sales,456,6118,19847,13729
Sales,458,6214,19847,13633
Sales,463,8268,19847,11579
Sales,467,2976,19847,16871
Sales,469,4649,19847,15198
Sales,473,12504,19847,7343
Sales,475,4736,19847,15111
Sales,476,5296,19847,14551
Sales,478,2174,19847,17673
Sales,479,6653,19847,13194
Sales,481,9699,19847,10148
Sales,484,2610,19847,17237
Sales,485,2851,19847,16996
Sales,488,9355,19847,10492
Sales,492,6380,19847,13467
Sales,494,2716,19847,17131
Sales,498,5253,19847,14594
Sales,500,4936,19847,14911
Sales,502,5304,19847,14543
Sales,507,4260,19847,15587
Sales,508,2476,19847,17371
Sales,513,7596,19847,12251
Sales,516,5715,19847,14132
Sales,523,6538,19847,13309
Sales,527,4487,19847,15360
Sales,532,13212,19847,6635
Sales,533,6577,19847,13270
Sales,534,8392,19847,11455
Sales,554,3202,19847,16645
Sales,555,2351,19847,17496
Sales,558,18041,19847,1806
Sales,567,8412,19847,11435
Sales,568,14118,19847,5729
Sales,573,10266,19847,9581
Sales,580,9071,19847,10776
Sales,585,2983,19847,16864
Sales,592,9980,19847,9867
Sales,595,4051,19847,15796
Sales,597,16835,19847,3012
Sales,599,6230,19847,13617
Sales,600,4717,19847,15130
Sales,604,6582,19847,13265
Sales,606,4805,19847,15042
Sales,613,11557,19847,8290
Sales,614,1878,19847,17969
Sales,615,10932,19847,8915
Sales,618,4306,19847,15541
Sales,620,4859,19847,14988
Sales,621,5337,19847,14510
Sales,625,16595,19847,3252
Sales,626,8834,19847,11013
Sales,631,4707,19847,15140
Sales,632,2400,19847,17447
Sales,641,6272,19847,13575
Sales,645,2096,19847,17751
Sales,648,2033,19847,17814
Sales,650,4233,19847,15614
Sales,653,5460,19847,14387
Sales,656,9602,19847,10245
Sales,666,2579,19847,17268
Sales,667,3041,19847,16806
Sales,669,3447,19847,16400
Sales,677,7104,19847,12743
Sales,682,8381,19847,11466
Sales,684,4286,19847,15561
Sales,690,5561,19847,14286
Sales,707,4851,19847,14996
Sales,709,4028,19847,15819
Sales,712,8120,19847,11727
Sales,714,4647,19847,15200
Sales,720,4577,19847,15270
Sales,722,5396,19847,14451
Sales,723,6796,19847,13051
Sales,728,4960,19847,14887
Sales,729,10475,19847,9372
Sales,732,5405,19847,14442
Sales,738,3875,19847,15972
Sales,746,13770,19847,6077
Sales,747,5304,19847,14543
Sales,749,2642,19847,17205
Sales,754,6804,19847,13043
Sales,766,2297,19847,17550
Sales,776,16856,19847,2991
Sales,781,6180,19847,13667
Sales,783,6632,19847,13215
Sales,785,6397,19847,13450
Sales,786,6274,19847,13573
Sales,789,7587,19847,12260
Sales,796,5326,19847,14521
Sales,800,4342,19847,15505
Sales,805,2572,19847,17275
Sales,808,6500,19847,13347
Sales,819,5324,19847,14523
Sales,840,7654,19847,12193
Sales,842,5160,19847,14687
Sales,846,4779,19847,15068
Sales,1486,2909,19847,16938
Sales,1487,5765,19847,14082
Sales,1700,9525,19847,10322
Sales,1489,4599,19847,15248
Sales,1702,2275,19847,17572
Sales,1492,2404,19847,17443
Sales,1324,9852,19847,9995
Sales,1706,7847,19847,12000
Sales,1495,2033,19847,17814
Sales,1708,9241,19847,10606
Sales,1329,6151,19847,13696
Sales,1710,4502,19847,15345
Sales,1497,8620,19847,11227
Sales,925,3294,19847,16553
Sales,1716,12936,19847,6911
Sales,956,4294,19847,15553
Sales,1331,2302,19847,17545
Sales,1239,6852,19847,12995
Sales,1503,4591,19847,15256
Sales,922,2044,19847,17803
Sales,1240,4950,19847,14897
Sales,986,13194,19847,6653
Sales,1507,4898,19847,14949
Sales,981,14852,19847,4995
Sales,1165,7336,19847,12511
Sales,1731,4978,19847,14869
Sales,1732,10368,19847,9479
Sales,1733,6134,19847,13713
Sales,1734,6735,19847,13112
Sales,1243,10377,19847,9470
Sales,1114,4302,19847,15545
Sales,1349,4103,19847,15744
Sales,1739,9610,19847,10237
Sales,1740,19833,19847,14
Sales,916,4908,19847,14939
Sales,1167,13758,19847,6089
Sales,904,7642,19847,12205
Sales,903,4537,19847,15310
Sales,1749,8346,19847,11501
Sales,975,4601,19847,15246
Sales,1752,2760,19847,17087
Sales,1355,6893,19847,12954
Sales,1754,7140,19847,12707
Sales,1356,6125,19847,13722
Sales,1756,5147,19847,14700
Sales,1757,4507,19847,15340
Sales,1758,8564,19847,11283
Sales,1527,16606,19847,3241
Sales,1761,8161,19847,11686
Sales,1171,5155,19847,14692
Sales,1039,13320,19847,6527
Sales,1055,2220,19847,17627
Sales,1535,7083,19847,12764
Sales,1362,4639,19847,15208
Sales,1117,5593,19847,14254
Sales,1541,2308,19847,17539
Sales,1364,2534,19847,17313
Sales,1056,1052,19847,18795
Sales,1774,4001,19847,15846
Sales,1179,6578,19847,13269
Sales,900,2973,19847,16874
Sales,1779,6029,19847,13818
Sales,1780,2679,19847,17168
Sales,1254,5171,19847,14676
Sales,1371,5071,19847,14776
Sales,1784,5468,19847,14379
Sales,1372,13695,19847,6152
Sales,1787,4189,19847,15658
Sales,1548,5473,19847,14374
Sales,1119,8740,19847,11107
Sales,954,9705,19847,10142
Sales,897,11836,19847,8011
Sales,1797,5813,19847,14034
Sales,1040,6347,19847,13500
Sales,1029,18303,19847,1544
Sales,1124,17465,19847,2382
Sales,1801,7991,19847,11856
Sales,1,5993,19847,13854
Sales,1554,2430,19847,17417
Sales,1379,2785,19847,17062
Sales,896,2800,19847,17047
Sales,1556,2644,19847,17203
Sales,1380,4614,19847,15233
Sales,1812,4127,19847,15720
Sales,1188,5346,19847,14501
Sales,1560,6392,19847,13455
Sales,1815,10447,19847,9400
Sales,1562,9714,19847,10133
Sales,893,2899,19847,16948
Sales,952,2413,19847,17434
Sales,1190,2827,19847,17020
Sales,1823,6799,19847,13048
Sales,1824,16291,19847,3556
Sales,1568,9250,19847,10597
Sales,1387,4724,19847,15123
Sales,1125,7351,19847,12496
Sales,1390,6120,19847,13727
Sales,1833,9637,19847,10210
Sales,1391,10596,19847,9251
Sales,1835,5405,19847,14442
Sales,1836,4684,19847,15163
Sales,1036,6861,19847,12986
Sales,1066,8396,19847,11451
Sales,889,6524,19847,13323
Sales,885,4256,19847,15591
Sales,1845,5154,19847,14693
Sales,1578,19586,19847,261
Sales,1849,5675,19847,14172
Sales,1395,9998,19847,9849
Sales,1396,4078,19847,15769
Sales,1853,4648,19847,15199
Sales,1582,9924,19847,9923
Sales,1583,4198,19847,15649
Sales,1585,6815,19847,13032
Sales,879,4194,19847,15653
Sales,1267,18213,19847,1634
Sales,1399,6232,19847,13615
Sales,1862,9907,19847,9940
Sales,1863,13225,19847,6622
Sales,1864,3540,19847,16307
Sales,868,6334,19847,13513
Sales,1588,8237,19847,11610
Sales,1268,8380,19847,11467
Sales,1591,19331,19847,516
Sales,1869,7314,19847,12533
Sales,1044,2342,19847,17505
Sales,1403,5769,19847,14078
Sales,1045,17650,19847,2197
Sales,1875,2856,19847,16991
Sales,1876,1081,19847,18766
Sales,1273,1118,19847,18729
Sales,1880,5673,19847,14174
Sales,974,2157,19847,17690
Sales,1882,9713,19847,10134
Sales,1598,4639,19847,15208
Sales,992,17444,19847,2403
Sales,1277,18824,19847,1023
Sales,1602,17567,19847,2280
Sales,864,10761,19847,9086
Sales,1070,10686,19847,9161
Sales,1135,2791,19847,17056
Sales,1898,6500,19847,13347
Sales,1280,18789,19847,1058
Sales,970,10609,19847,9238
Sales,1281,4538,19847,15309
Sales,1282,19847,19847,0
Sales,1908,5507,19847,14340
Sales,1909,4393,19847,15454
Sales,1100,9582,19847,10265
Sales,1912,6583,19847,13264
Sales,1915,8103,19847,11744
Sales,1612,4385,19847,15462
Sales,1613,5332,19847,14515
Sales,1137,4968,19847,14879
Sales,1924,5487,19847,14360
Sales,1927,6834,19847,13013
Sales,1928,1091,19847,18756
Sales,1929,5736,19847,14111
Sales,1204,17048,19847,2799
Sales,1425,9278,19847,10569
Sales,1933,9854,19847,9993
Sales,1427,1359,19847,18488
Sales,1935,5380,19847,14467
Sales,1428,4779,19847,15068
Sales,1138,13120,19847,6727
Sales,1938,17875,19847,1972
Sales,983,5666,19847,14181
Sales,985,7880,19847,11967
Sales,1624,1569,19847,18278
Sales,1943,5087,19847,14760
Sales,862,10934,19847,8913
Sales,1945,5561,19847,14286
Sales,947,6932,19847,12915
Sales,1037,4969,19847,14878
Sales,1293,10231,19847,9616
Sales,1950,9888,19847,9959
Sales,1951,8628,19847,11219
Sales,1436,5647,19847,14200
Sales,1211,4115,19847,15732
Sales,1439,4400,19847,15447
Sales,1212,4327,19847,15520
Sales,1047,9725,19847,10122
Sales,1961,2858,19847,16989
Sales,1962,5204,19847,14643
Sales,1965,4105,19847,15742
Sales,1639,10306,19847,9541
Sales,1967,5617,19847,14230
Sales,1968,10448,19847,9399
Sales,1048,11904,19847,7943
Sales,1445,4162,19847,15685
Sales,941,2329,19847,17518
Sales,859,4403,19847,15444
Sales,857,6201,19847,13646
Sales,1446,9204,19847,10643
Sales,1975,13341,19847,6506
Sales,1645,5440,19847,14407
Sales,1105,6694,19847,13153
Sales,1218,8966,19847,10881
Sales,990,5079,19847,14768
Sales,1453,10793,19847,9054
Sales,1650,5869,19847,13978
Sales,1986,5677,19847,14170
Sales,855,4037,19847,15810
Sales,1457,10096,19847,9751
Sales,1220,4539,19847,15308
Sales,1304,6209,19847,13638
Sales,1076,10798,19847,9049
Sales,1995,4440,19847,15407
Sales,1996,3067,19847,16780
Sales,967,10325,19847,9522
Sales,1657,2783,19847,17064
Sales,1077,2323,19847,17524
Sales,1157,8224,19847,11623
Sales,1466,5486,19847,14361
Sales,959,2121,19847,17726
Sales,1226,2678,19847,17169
Sales,1469,8463,19847,11384
Sales,1003,4163,19847,15684
Sales,1667,4581,19847,15266
Sales,2013,2269,19847,17578
Sales,984,7823,19847,12024
Sales,1669,4187,19847,15660
Sales,2016,10422,19847,9425
Sales,1670,5505,19847,14342
Sales,2018,4907,19847,14940
Sales,2019,3482,19847,16365
Sales,1233,5220,19847,14627
Sales,2021,2380,19847,17467
Sales,1673,5476,19847,14371
Sales,2023,1790,19847,18057
Sales,2024,7644,19847,12203
Sales,982,7264,19847,12583
Sales,1050,7525,19847,12322
Sales,1676,15972,19847,3875
Sales,1477,4373,19847,15474
Sales,1678,7082,19847,12765
Sales,1680,2728,19847,17119
Sales,2035,6712,19847,13135
Sales,2036,5406,19847,14441
Sales,2037,8938,19847,10909
Sales,1681,5368,19847,14479
Sales,851,16307,19847,3540
Sales,2041,5343,19847,14504
Sales,2044,6728,19847,13119
Sales,2045,6652,19847,13195
Sales,2046,4850,19847,14997
Sales,1478,4759,19847,15088
Sales,936,6244,19847,13603
Sales,1479,5301,19847,14546
Sales,1038,19845,19847,2
Sales,1481,4768,19847,15079
Sales,1691,2655,19847,17192
Sales,2055,10854,19847,8993
Sales,2056,12031,19847,7816
Sales,1318,9094,19847,10753
Sales,2060,2966,19847,16881
Sales,1319,8446,19847,11401
Sales,1113,4728,19847,15119
Sales,1163,5714,19847,14133
Sales,2065,5390,19847,14457
Sales,1557,6439,19847,13408
