EmployeeNumber,MonthlyIncome,DenseRank,RankValue,RowNumber
259,19999,1,1,1
1035,19973,2,2,2
1191,19943,3,3,3
226,19926,4,4,4
787,19859,5,5,5
1282,19847,6,6,6
1038,19845,7,7,7
1740,19833,8,8,8
1255,19740,9,9,9
1338,19717,10,10,10
1423,19701,11,11,11
1867,19665,12,12,12
1625,19658,13,13,13
1973,19636,14,14,14
1069,19627,15,15,15
1128,19626,16,16,16
1595,19613,17,17,17
1578,19586,18,18,18
549,19566,19,19,19
58,19545,20,20,20
162,19537,21,21,21
323,19517,22,22,22
671,19513,23,23,23
638,19502,24,24,24
352,19436,25,25,25
2022,19431,26,26,26
999,19419,27,27,27
522,19406,28,28,28
1866,19392,29,29,29
1591,19331,30,30,30
1789,19328,31,31,31
444,19272,32,32,32
825,19246,33,33,33
1061,19237,34,34,34
319,19232,35,35,35
336,19202,36,36,36
531,19197,37,37,37
1288,19190,38,38,38
734,19189,39,39,39
1336,19187,40,40,40
1941,19161,41,41,41
385,19144,42,42,42
731,19141,43,43,43
32,19094,44,44,44
1217,19081,45,45,45
329,19068,46,46,46
1608,19049,47,47,47
374,19045,48,48,48
1770,19038,49,49,49
253,19033,50,50,50
38,18947,51,51,51
2031,18880,52,52,52
140,18844,53,53,53
1277,18824,54,54,54
1280,18789,55,55,55
80,18740,56,56,56
254,18722,57,57,57
1256,18711,58,58,58
396,18665,59,59,59
1201,18606,60,60,60
809,18430,61,61,61
1029,18303,62,62,62
447,18300,63,63,63
1263,18265,64,64,64
1267,18213,65,65,65
644,18200,66,66,66
141,18172,67,67,67
1306,18061,68,68,68
558,18041,69,69,69
905,17924,70,70,70
1938,17875,71,71,71
575,17861,72,72,72
1334,17861,72,72,73
1215,17856,73,74,74
1250,17779,74,75,75
1109,17665,75,76,76
1045,17650,76,77,77
815,17639,77,78,78
1666,17603,78,79,79
386,17584,79,80,80
1602,17567,80,81,81
1124,17465,81,82,82
992,17444,82,83,83
1665,17426,83,84,84
997,17399,84,85,85
148,17328,85,86,86
1422,17328,85,86,87
199,17181,86,88,88
1900,17174,87,89,89
1443,17169,88,90,90
843,17159,89,91,91
1307,17123,90,92,92
976,17099,91,93,93
429,17068,92,94,94
1204,17048,93,95,95
569,17046,94,96,96
1485,17007,95,97,97
158,16959,96,98,98
1116,16885,97,99,99
1317,16880,98,100,100
363,16872,99,101,101
776,16856,100,102,102
597,16835,101,103,103
1892,16823,102,104,104
1408,16799,103,105,105
264,16792,104,106,106
1074,16756,105,107,107
820,16752,106,108,108
1719,16704,107,109,109
505,16659,108,110,110
661,16627,109,111,111
1527,16606,110,112,112
1472,16598,111,113,113
625,16595,112,114,114
546,16555,113,115,115
1550,16437,114,116,116
1430,16422,115,117,117
1655,16413,116,118,118
1523,16328,117,119,119
851,16307,118,120,120
1824,16291,119,121,121
612,16184,120,122,122
1264,16124,121,123,123
327,16064,122,124,124
1520,16032,123,125,125
410,16015,124,126,126
468,15992,125,127,127
1676,15972,126,128,128
1837,15787,127,129,129
23,15427,128,130,130
664,15402,129,131,131
1677,15379,130,132,132
1644,15202,131,133,133
981,14852,132,134,134
730,14814,133,135,135
84,14756,134,136,136
1424,14732,135,137,137
1539,14411,136,138,138
520,14336,137,139,139
901,14275,138,140,140
568,14118,139,141,141
1352,14026,140,142,142
1005,13973,141,143,143
1661,13966,142,144,144
431,13964,143,145,145
131,13872,144,146,146
867,13826,145,147,147
746,13770,146,148,148
1167,13758,147,149,149
1468,13757,148,150,150
2017,13744,149,151,151
258,13734,150,152,152
1032,13726,151,153,153
1372,13695,152,154,154
337,13675,153,155,155
102,13664,154,156,156
582,13610,155,157,157
380,13603,156,158,158
298,13591,157,159,159
950,13582,158,160,160
1278,13577,159,161,161
2034,13570,160,162,162
126,13549,161,163,163
404,13525,162,164,164
119,13503,163,165,165
1166,13499,164,166,166
372,13496,165,167,167
1800,13464,166,168,168
73,13458,167,169,169
1373,13402,168,170,170
1911,13348,169,171,171
1975,13341,170,172,172
1039,13320,171,173,173
1656,13269,172,174,174
1401,13247,173,175,175
101,13245,174,176,176
601,13237,175,177,177
1863,13225,176,178,178
532,13212,177,179,179
2015,13206,178,180,180
986,13194,179,181,181
1242,13191,180,182,182
1367,13142,181,183,183
1138,13120,182,184,184
1786,13116,183,185,185
1775,12965,184,186,186
1716,12936,185,187,187
844,12808,186,188,188
1026,12742,187,189,189
473,12504,188,190,190
296,12490,189,191,191
306,12185,190,192,192
1127,12169,191,193,193
421,12061,192,194,194
2056,12031,193,195,195
381,11996,194,196,196
28,11994,195,197,197
2000,11957,196,198,198
564,11935,197,199,199
1321,11916,198,200,200
1048,11904,199,201,201
428,11878,200,202,202
376,11849,201,203,203
897,11836,202,204,204
742,11713,203,205,205
817,11691,204,206,206
153,11631,205,207,207
613,11557,206,208,208
461,11510,207,209,209
1015,11416,208,210,210
1606,11245,209,211,211
1516,11244,210,212,212
727,11159,211,213,213
762,11103,212,214,214
1979,11031,213,215,215
1024,10999,214,216,216
1096,10976,215,217,217
499,10965,216,218,218
343,10938,217,219,219
862,10934,218,220,220
615,10932,219,221,221
1397,10920,220,222,222
899,10903,221,223,223
1697,10883,222,224,224
1043,10880,223,225,225
215,10855,224,226,226
2055,10854,225,227,227
1460,10851,226,228,228
1007,10845,227,229,229
1126,10820,228,230,230
1076,10798,229,231,231
1453,10793,230,232,232
864,10761,231,233,233
1712,10748,232,234,234
1013,10739,233,235,235
698,10725,234,236,236
1070,10686,235,237,237
880,10685,236,238,238
124,10673,237,239,239
179,10650,238,240,240
581,10648,239,241,241
307,10609,240,242,242
970,10609,240,242,243
1391,10596,241,244,244
940,10552,242,245,245
624,10527,243,246,246
1283,10512,244,247,247
1245,10502,245,248,248
491,10496,246,249,249
1098,10482,247,250,250
729,10475,248,251,251
1484,10466,249,252,252
244,10453,250,253,253
1968,10448,251,254,254
1815,10447,252,255,255
1118,10445,253,256,256
1628,10435,254,257,257
2016,10422,255,258,258
291,10400,256,259,259
1014,10388,257,260,260
1243,10377,258,261,261
1732,10368,259,262,262
1827,10333,260,263,263
967,10325,261,264,264
1092,10322,262,265,265
165,10312,263,266,266
1639,10306,264,267,267
1182,10274,265,268,268
573,10266,266,269,269
1237,10252,267,270,270
36,10248,268,271,271
106,10239,269,272,272
1293,10231,270,273,273
845,10221,271,274,274
1496,10209,272,275,275
1572,10169,273,276,276
1547,10124,274,277,277
83,10096,275,278,278
1457,10096,275,278,279
342,10048,276,280,280
1360,10008,277,281,281
1395,9998,278,282,282
2062,9991,279,283,283
451,9985,280,284,284
293,9981,281,285,285
20,9980,282,286,286
592,9980,282,286,287
1084,9957,283,288,288
590,9950,284,289,289
2057,9936,285,290,290
1582,9924,286,291,291
1862,9907,287,292,292
1950,9888,288,293,293
70,9884,289,294,294
1933,9854,290,295,295
1324,9852,291,296,296
587,9824,292,297,297
634,9824,292,297,298
1744,9756,293,299,299
154,9738,294,300,300
1047,9725,295,301,301
86,9724,296,302,302
1544,9715,297,303,303
1562,9714,298,304,304
1882,9713,299,305,305
954,9705,300,306,306
481,9699,301,307,307
1966,9679,302,308,308
1816,9667,303,309,309
1833,9637,304,310,310
118,9619,305,311,311
417,9613,306,312,312
1739,9610,307,313,313
656,9602,308,314,314
1100,9582,309,315,315
256,9547,310,316,316
12,9526,311,317,317
1700,9525,312,318,318
223,9439,313,319,319
689,9434,314,320,320
228,9419,315,321,321
288,9396,316,322,322
1465,9380,317,323,323
1412,9362,318,324,324
488,9355,319,325,325
1425,9278,320,326,326
1568,9250,321,327,327
1708,9241,322,328,328
174,9208,323,329,329
1446,9204,324,330,330
1318,9094,325,331,331
580,9071,326,332,332
74,9069,327,333,333
207,8998,328,334,334
1218,8966,329,335,335
442,8943,330,336,336
2037,8938,331,337,337
1821,8926,332,338,338
302,8865,333,339,339
1073,8858,334,340,340
1590,8853,335,341,341
699,8847,336,342,342
2040,8837,337,343,343
626,8834,338,344,344
1088,8823,339,345,345
733,8793,340,346,346
314,8789,341,347,347
1119,8740,342,348,348
56,8726,343,349,349
1082,8722,344,350,350
230,8686,345,351,351
183,8639,346,352,352
1993,8633,347,353,353
1951,8628,348,354,354
717,8621,349,355,355
1497,8620,350,356,356
1529,8606,351,357,357
1857,8578,352,358,358
1758,8564,353,359,359
1344,8500,354,360,360
292,8474,355,361,361
1469,8463,356,362,362
1319,8446,357,363,363
567,8412,358,364,364
1066,8396,359,365,365
534,8392,360,366,366
682,8381,361,367,367
1268,8380,362,368,368
1525,8376,363,369,369
1749,8346,364,370,370
1790,8321,365,371,371
463,8268,366,372,372
1588,8237,367,373,373
1157,8224,368,374,374
176,8189,369,375,375
1761,8161,370,376,376
712,8120,371,377,377
1915,8103,372,378,378
464,8095,373,379,379
406,8020,374,380,380
1651,8008,375,381,381
1801,7991,376,382,382
1419,7988,377,383,383
1295,7978,378,384,384
543,7969,379,385,385
1641,7945,380,386,386
312,7918,381,387,387
1363,7898,382,388,388
985,7880,383,389,389
1703,7879,384,390,390
743,7861,385,391,391
1706,7847,386,392,392
984,7823,387,393,393
1133,7779,388,394,394
1103,7756,389,395,395
1638,7756,389,395,396
692,7725,390,397,397
1121,7655,391,398,398
840,7654,392,399,399
2024,7644,393,400,400
904,7642,394,401,401
283,7639,395,402,402
81,7637,396,403,403
586,7632,397,404,404
724,7625,398,405,405
513,7596,399,406,406
789,7587,400,407,407
1421,7553,401,408,408
438,7547,402,409,409
1050,7525,403,410,410
1971,7510,404,411,411
623,7491,405,412,412
145,7484,406,413,413
453,7457,407,414,414
1459,7446,408,415,415
1553,7441,409,416,416
152,7428,410,417,417
725,7412,411,418,418
605,7406,412,419,419
944,7403,413,420,420
1228,7379,414,421,421
1125,7351,415,422,422
1165,7336,416,423,423
1869,7314,417,424,424
204,7295,418,425,425
982,7264,419,426,426
112,7260,420,427,427
462,7143,421,428,428
1754,7140,422,429,429
1099,7119,423,430,430
677,7104,424,431,431
1312,7094,425,432,432
1535,7083,426,433,433
1678,7082,427,434,434
1689,7005,428,435,435
1847,6962,429,436,436
969,6949,430,437,437
947,6932,431,438,438
349,6931,432,439,439
416,6929,433,440,440
1355,6893,434,441,441
1728,6883,435,442,442
833,6877,436,443,443
1814,6870,437,444,444
1036,6861,438,445,445
1830,6854,439,446,446
1239,6852,440,447,447
1664,6842,441,448,448
1927,6834,442,449,449
1251,6833,443,450,450
35,6825,444,451,451
1585,6815,445,452,452
1252,6812,446,453,453
616,6811,447,454,454
764,6811,447,454,455
275,6804,448,456,456
754,6804,448,456,457
1823,6799,449,458,458
723,6796,450,459,459
1132,6782,451,460,460
477,6781,452,461,461
482,6755,453,462,462
1734,6735,454,463,463
2044,6728,455,464,464
966,6725,456,465,465
2035,6712,457,466,466
299,6696,458,467,467
1105,6694,459,468,468
1383,6687,460,469,469
1315,6674,461,470,470
282,6673,462,471,471
1955,6667,463,472,472
479,6653,464,473,473
2045,6652,465,474,474
1473,6651,466,475,475
691,6646,467,476,476
366,6644,468,477,477
783,6632,469,478,478
1260,6623,470,479,479
924,6586,471,480,480
1912,6583,472,481,481
604,6582,473,482,482
1179,6578,474,483,483
533,6577,475,484,484
170,6567,476,485,485
271,6553,477,486,486
1514,6549,478,487,487
347,6545,479,488,488
496,6540,480,489,489
523,6538,481,490,490
889,6524,482,491,491
1724,6516,483,492,492
1822,6513,484,493,493
378,6502,485,494,494
808,6500,486,495,495
1898,6500,486,495,496
85,6499,487,497,497
1196,6474,488,498,498
1737,6472,489,499,499
40,6465,490,500,500
635,6447,491,501,501
1557,6439,492,502,502
341,6434,493,503,503
1722,6430,494,504,504
424,6410,495,505,505
384,6397,496,506,506
785,6397,496,506,507
1560,6392,497,508,508
760,6389,498,509,509
1515,6388,499,510,510
1034,6385,500,511,511
1859,6384,501,512,512
492,6380,502,513,513
1375,6377,503,514,514
449,6349,504,515,515
184,6347,505,516,516
460,6347,505,516,517
1040,6347,505,516,518
868,6334,506,519,519
1985,6323,507,520,520
679,6322,508,521,521
2026,6306,509,522,522
1753,6294,510,523,523
837,6288,511,524,524
786,6274,512,525,525
641,6272,513,526,526
1231,6272,513,526,527
273,6261,514,528,528
936,6244,515,529,529
1399,6232,516,530,530
599,6230,517,531,531
96,6220,518,532,532
458,6214,519,533,533
1304,6209,520,534,534
857,6201,521,535,535
781,6180,522,536,536
1389,6179,523,537,537
163,6172,524,538,538
78,6162,525,539,539
830,6162,525,539,540
1329,6151,526,541,541
160,6146,527,542,542
757,6142,528,543,543
1587,6142,528,543,544
2064,6142,528,543,545
1733,6134,529,546,546
211,6132,530,547,547
1356,6125,531,548,548
1390,6120,532,549,549
456,6118,533,550,550
548,6091,534,551,551
1563,6077,535,552,552
147,6074,536,553,553
827,6062,537,554,554
466,6032,538,555,555
1779,6029,539,556,556
1,5993,540,557,557
77,5993,540,557,558
665,5985,541,559,559
803,5980,542,560,560
474,5974,543,561,561
1970,5968,544,562,562
339,5957,545,563,563
303,5940,546,564,564
852,5933,547,565,565
261,5916,548,566,566
76,5915,549,567,567
304,5914,550,568,568
1888,5906,551,569,569
182,5902,552,570,570
1555,5878,553,571,571
1650,5869,554,572,572
961,5855,555,573,573
401,5828,556,574,574
1797,5813,557,575,575
1766,5811,558,576,576
1435,5810,559,577,577
441,5775,560,578,578
62,5772,561,579,579
1635,5770,562,580,580
1403,5769,563,581,581
1611,5769,563,581,582
1631,5768,564,583,583
1487,5765,565,584,584
1804,5762,566,585,585
1932,5747,567,586,586
393,5745,568,587,587
142,5744,569,588,588
1642,5743,570,589,589
1929,5736,571,590,590
1161,5731,572,591,591
516,5715,573,592,592
1163,5714,574,593,593
2049,5689,575,594,594
663,5679,576,595,595
1986,5677,577,596,596
1849,5675,578,597,597
419,5674,579,598,598
1880,5673,580,599,599
983,5666,581,600,600
412,5661,582,601,601
422,5660,583,602,602
1436,5647,584,603,603
1967,5617,585,604,604
202,5605,586,605,605
382,5605,586,605,606
1117,5593,587,607,607
367,5582,588,608,608
630,5577,589,609,609
902,5562,590,610,610
1594,5562,590,610,611
1727,5562,590,610,612
690,5561,591,613,613
1945,5561,591,613,614
1803,5538,592,615,615
1908,5507,593,616,616
1670,5505,594,617,617
998,5488,595,618,618
1924,5487,596,619,619
1466,5486,597,620,620
799,5485,598,621,621
420,5484,599,622,622
1580,5484,599,622,623
408,5482,600,624,624
1673,5476,601,625,625
91,5473,602,626,626
1548,5473,602,626,627
1018,5472,603,628,628
1671,5470,604,629,629
1784,5468,605,630,630
1392,5467,606,631,631
1934,5467,606,631,632
653,5460,607,633,633
68,5454,608,634,634
120,5441,609,635,635
1645,5440,610,636,636
1658,5433,611,637,637
1377,5429,612,638,638
389,5415,613,639,639
1294,5410,614,640,640
1998,5410,614,640,641
2036,5406,615,642,642
732,5405,616,643,643
1835,5405,616,643,644
1922,5399,617,645,645
722,5396,618,646,646
2065,5390,619,647,647
64,5381,620,648,648
1935,5380,621,649,649
1618,5377,622,650,650
52,5376,623,651,651
1954,5373,624,652,652
1681,5368,625,653,653
1369,5363,626,654,654
1682,5347,627,655,655
1188,5346,628,656,656
1807,5346,628,656,657
1184,5343,629,658,658
2041,5343,629,658,659
621,5337,630,660,660
1613,5332,631,661,661
107,5329,632,662,662
796,5326,633,663,663
819,5324,634,664,664
1997,5321,635,665,665
772,5309,636,666,666
502,5304,637,667,667
747,5304,637,667,668
1479,5301,638,669,669
476,5296,639,670,670
1654,5295,640,671,671
1763,5294,641,672,672
270,5265,642,673,673
487,5258,643,674,674
448,5257,644,675,675
498,5253,645,676,676
361,5249,646,677,677
445,5238,647,678,678
1736,5238,647,678,679
13,5237,648,680,680
894,5231,649,681,681
436,5228,650,682,682
823,5228,650,682,683
1233,5220,651,684,684
425,5210,652,685,685
121,5209,653,686,686
1621,5208,654,687,687
1549,5207,655,688,688
1653,5206,656,689,689
909,5204,657,690,690
1962,5204,657,690,691
865,5175,658,692,692
1254,5171,659,693,693
139,5163,660,694,694
842,5160,661,695,695
1171,5155,662,696,696
1845,5154,663,697,697
1936,5151,664,698,698
1756,5147,665,699,699
2025,5131,666,700,700
2,5130,667,701,701
104,5126,668,702,702
775,5121,669,703,703
2008,5098,670,704,704
832,5094,671,705,705
771,5093,672,706,706
1943,5087,673,707,707
990,5079,674,708,708
1371,5071,675,709,709
574,5070,676,710,710
987,5067,677,711,711
1597,5063,678,712,712
1150,5056,679,713,713
439,5055,680,714,714
1633,5042,681,715,715
1903,5033,682,716,716
103,5021,683,717,717
125,5010,684,718,718
240,5006,685,719,719
1025,5003,686,720,720
1956,5003,686,720,721
128,4999,687,722,722
1235,4998,688,723,723
1731,4978,689,724,724
1037,4969,690,725,725
1137,4968,691,726,726
1745,4968,691,726,727
161,4963,692,728,728
728,4960,693,729,729
1240,4950,694,730,730
178,4941,695,731,731
433,4941,695,731,732
500,4936,696,733,733
869,4936,696,733,734
1704,4930,697,735,735
916,4908,698,736,736
387,4907,699,737,737
2018,4907,699,737,738
1483,4900,700,739,739
350,4898,701,740,740
1507,4898,701,740,741
1309,4883,702,742,742
2009,4878,703,743,743
1622,4877,704,744,744
287,4876,705,745,745
1599,4876,705,745,746
450,4869,706,747,747
620,4859,707,748,748
1573,4855,708,749,749
707,4851,709,750,750
2046,4850,710,751,751
1542,4841,711,752,752
1052,4834,712,753,753
423,4821,713,754,754
550,4810,714,755,755
138,4809,715,756,756
606,4805,716,757,757
1509,4789,717,758,758
1886,4788,718,759,759
2027,4787,719,760,760
846,4779,720,761,761
1428,4779,720,761,762
1033,4777,721,763,763
872,4775,722,764,764
1870,4774,723,765,765
1940,4771,724,766,766
1481,4768,725,767,767
1158,4766,726,768,768
920,4765,727,769,769
1478,4759,728,770,770
390,4741,729,771,771
171,4739,730,772,772
475,4736,731,773,773
1668,4735,732,774,774
1113,4728,733,775,775
1387,4724,734,776,776
1615,4724,734,776,777
1586,4723,735,778,778
957,4721,736,779,779
600,4717,737,780,780
631,4707,738,781,781
1298,4695,739,782,782
1836,4684,740,783,783
446,4682,741,784,784
715,4680,742,785,785
949,4678,743,786,786
195,4668,744,787,787
1614,4663,745,788,788
1346,4661,746,789,789
469,4649,747,790,790
1853,4648,748,791,791
714,4647,749,792,792
1362,4639,750,793,793
1598,4639,750,793,794
1311,4627,751,795,795
1094,4621,752,796,796
1981,4617,753,797,797
1080,4615,754,798,798
1380,4614,755,799,799
975,4601,756,800,800
1489,4599,757,801,801
1503,4591,758,802,802
1667,4581,759,803,803
720,4577,760,804,804
60,4568,761,805,805
175,4559,762,806,806
536,4558,763,807,807
547,4556,764,808,808
388,4554,765,809,809
721,4553,766,810,810
1225,4541,767,811,811
1220,4539,768,812,812
1281,4538,769,813,813
903,4537,770,814,814
1322,4534,771,815,815
551,4523,772,816,816
526,4522,773,817,817
1101,4508,774,818,818
1757,4507,775,819,819
151,4505,776,820,820
1710,4502,777,821,821
1289,4490,778,822,822
527,4487,779,823,823
397,4485,780,824,824
437,4478,781,825,825
1195,4477,782,826,826
333,4465,783,827,827
250,4450,784,828,828
529,4449,785,829,829
1829,4448,786,830,830
972,4447,787,831,831
1285,4444,788,832,832
1980,4440,789,833,833
1995,4440,789,833,834
836,4434,790,835,835
269,4425,791,836,836
98,4424,792,837,837
1180,4422,793,838,838
1177,4420,794,839,839
2068,4404,795,840,840
859,4403,796,841,841
1707,4401,797,842,842
1439,4400,798,843,843
1909,4393,799,844,844
1612,4385,800,845,845
828,4382,801,846,846
804,4381,802,847,847
1009,4377,803,848,848
1662,4374,804,849,849
1477,4373,805,850,850
792,4364,806,851,851
308,4345,807,852,852
800,4342,808,853,853
793,4335,809,854,854
1976,4332,810,855,855
1212,4327,811,856,856
110,4325,812,857,857
1164,4323,813,858,858
1545,4320,814,859,859
208,4319,815,860,860
193,4317,816,861,861
100,4312,817,862,862
524,4306,818,863,863
618,4306,818,863,864
1114,4302,819,865,865
274,4298,820,866,866
956,4294,821,867,867
684,4286,822,868,868
1543,4285,823,869,869
1420,4284,824,870,870
1885,4284,824,870,871
1148,4272,825,872,872
611,4262,826,873,873
507,4260,827,874,874
791,4258,828,875,875
241,4257,829,876,876
885,4256,830,877,877
1350,4249,831,878,878
807,4244,832,879,879
1022,4240,833,880,880
650,4233,834,881,881
577,4230,835,882,882
1027,4227,836,883,883
129,4221,837,884,884
1809,4213,838,885,885
190,4200,839,886,886
1583,4198,840,887,887
518,4197,841,888,888
1881,4197,841,888,889
879,4194,842,890,890
15,4193,843,891,891
1787,4189,844,892,892
1669,4187,845,893,893
926,4171,846,894,894
1003,4163,847,895,895
1445,4162,848,896,896
72,4157,849,897,897
117,4152,850,898,898
1011,4148,851,899,899
1630,4148,851,899,900
1812,4127,852,901,901
1211,4115,853,902,902
2014,4108,854,903,903
1062,4107,855,904,904
1965,4105,856,905,905
1349,4103,857,906,906
659,4089,858,907,907
1574,4087,859,908,908
1537,4084,860,909,909
1402,4081,861,910,910
1396,4078,862,911,911
1794,4071,863,912,912
1552,4069,864,913,913
1619,4066,865,914,914
595,4051,866,915,915
855,4037,867,916,916
1501,4035,868,917,917
1140,4033,869,918,918
538,4031,870,919,919
709,4028,871,920,920
1046,4025,872,921,921
2053,4025,872,921,922
75,4014,873,923,923
942,4014,873,923,924
26,4011,874,925,925
57,4011,874,925,926
1774,4001,875,927,927
369,4000,876,928,928
1684,3989,877,929,929
1696,3986,878,930,930
455,3983,879,931,931
1916,3978,880,932,932
1992,3977,881,933,933
1449,3975,882,934,934
1860,3968,883,935,935
1083,3955,884,936,936
24,3944,885,937,937
1640,3936,886,938,938
330,3931,887,939,939
246,3929,888,940,940
340,3920,889,941,941
33,3919,890,942,942
1028,3917,891,943,943
1725,3907,892,944,944
1310,3904,893,945,945
1407,3904,893,945,946
1871,3902,894,947,947
593,3894,895,948,948
1890,3886,896,949,949
738,3875,897,950,950
1296,3867,898,951,951
1502,3838,899,952,952
806,3833,900,953,953
497,3816,901,954,954
277,3815,902,955,955
1852,3812,903,956,956
2054,3785,904,957,957
578,3780,905,958,958
861,3761,906,959,959
1249,3760,907,960,960
1646,3760,907,960,961
602,3755,908,962,962
1989,3748,909,963,963
1010,3743,910,964,964
847,3737,911,965,965
331,3730,912,966,966
1464,3722,913,967,967
744,3708,914,968,968
1782,3702,915,969,969
452,3697,916,970,970
1257,3692,917,971,971
1106,3691,918,972,972
249,3690,919,973,973
407,3688,920,974,974
652,3681,921,975,975
1480,3673,922,976,976
1358,3669,923,977,977
1097,3660,924,978,978
1458,3646,925,979,979
1002,3633,926,980,980
1411,3629,927,981,981
649,3622,928,982,982
964,3617,929,983,983
1207,3600,930,984,984
1173,3597,931,985,985
1834,3591,932,986,986
887,3580,933,987,987
1241,3579,934,988,988
1417,3578,935,989,989
267,3564,936,990,990
1340,3544,937,991,991
1864,3540,938,992,992
1778,3539,939,993,993
1694,3537,940,994,994
1647,3517,941,995,995
1291,3506,942,996,996
784,3505,943,997,997
1440,3500,944,998,998
1224,3491,945,999,999
364,3485,946,1000,1000
2019,3482,947,1001,1001
355,3479,948,1002,1002
1721,3477,949,1003,1003
7,3468,950,1004,1004
440,3464,951,1005,1005
192,3452,952,1006,1006
486,3452,952,1006,1007
995,3452,952,1006,1008
521,3448,953,1009,1009
669,3447,954,1010,1010
1751,3445,955,1011,1011
65,3441,956,1012,1012
1720,3433,957,1013,1013
854,3424,958,1014,1014
1314,3423,959,1015,1015
1438,3420,960,1016,1016
1475,3420,960,1016,1017
51,3419,961,1018,1018
584,3408,962,1019,1019
27,3407,963,1020,1020
1596,3407,963,1020,1021
90,3388,964,1022,1022
1802,3377,965,1023,1023
1085,3376,966,1024,1024
2007,3375,967,1025,1025
702,3348,968,1026,1026
214,3346,969,1027,1027
1299,3339,970,1028,1028
335,3319,971,1029,1029
1607,3312,972,1030,1030
395,3310,973,1031,1031
1687,3306,974,1032,1032
21,3298,975,1033,1033
1735,3295,976,1034,1034
925,3294,977,1035,1035
1447,3294,977,1035,1036
1143,3291,978,1037,1037
797,3280,979,1038,1038
379,3230,980,1039,1039
1415,3229,981,1040,1040
716,3221,982,1041,1041
316,3212,983,1042,1042
1617,3211,984,1043,1043
373,3210,985,1044,1044
197,3204,986,1045,1045
554,3202,987,1046,1046
1136,3201,988,1047,1047
1216,3196,989,1048,1048
1683,3195,990,1049,1049
1513,3180,991,1050,1050
1494,3172,992,1051,1051
888,3162,993,1052,1052
1471,3162,993,1052,1053
392,3161,994,1054,1054
813,3149,995,1055,1055
1798,3143,996,1056,1056
248,3140,997,1057,1057
1192,3131,998,1058,1058
1623,3117,999,1059,1059
510,3102,1000,1060,1060
239,3072,1001,1061,1061
334,3072,1001,1061,1062
1627,3069,1002,1063,1063
8,3068,1003,1064,1064
1996,3067,1004,1065,1065
1948,3065,1005,1066,1066
233,3058,1006,1067,1067
773,3057,1007,1068,1068
1771,3055,1008,1069,1069
667,3041,1009,1070,1070
97,3038,1010,1071,1071
231,3038,1010,1071,1072
515,3034,1011,1073,1073
1198,3033,1012,1074,1074
61,3022,1013,1075,1075
1394,2996,1014,1076,1076
1431,2996,1014,1076,1077
1269,2994,1015,1078,1078
1972,2991,1016,1079,1079
585,2983,1017,1080,1080
1115,2979,1018,1081,1081
2052,2977,1019,1082,1082
467,2976,1020,1083,1083
1709,2974,1021,1084,1084
900,2973,1022,1085,1085
960,2973,1022,1085,1086
1577,2972,1023,1087,1087
2060,2966,1024,1088,1088
31,2960,1025,1089,1089
134,2956,1026,1090,1090
1842,2956,1026,1090,1091
1409,2950,1027,1092,1092
177,2942,1028,1093,1093
1071,2942,1028,1093,1094
1200,2936,1029,1095,1095
1854,2936,1029,1095,1096
22,2935,1030,1097,1097
1893,2933,1031,1098,1098
1755,2932,1032,1099,1099
1701,2929,1033,1100,1100
137,2926,1034,1101,1101
16,2911,1035,1102,1102
338,2911,1035,1102,1103
5,2909,1036,1104,1104
1486,2909,1036,1104,1105
465,2904,1037,1106,1106
893,2899,1038,1107,1107
1969,2897,1039,1108,1108
143,2889,1040,1109,1109
560,2886,1041,1110,1110
647,2886,1041,1110,1111
1275,2875,1042,1112,1112
144,2871,1043,1113,1113
1952,2867,1044,1114,1114
1944,2863,1045,1115,1115
1729,2862,1046,1116,1116
105,2859,1047,1117,1117
1961,2858,1048,1118,1118
1875,2856,1049,1119,1119
1203,2853,1050,1120,1120
485,2851,1051,1121,1121
1152,2844,1052,1122,1122
1297,2838,1053,1123,1123
2010,2837,1054,1124,1124
657,2836,1055,1125,1125
155,2835,1056,1126,1126
1190,2827,1057,1127,1127
1060,2821,1058,1128,1128
705,2819,1059,1129,1129
874,2818,1060,1130,1130
1605,2814,1061,1131,1131
1001,2811,1062,1132,1132
1949,2810,1063,1133,1133
2048,2809,1064,1134,1134
1865,2804,1065,1135,1135
896,2800,1066,1136,1136
939,2799,1067,1137,1137
911,2795,1068,1138,1138
359,2794,1069,1139,1139
311,2793,1070,1140,1140
1135,2791,1071,1141,1141
399,2789,1072,1142,1142
1379,2785,1073,1143,1143
1657,2783,1074,1144,1144
802,2782,1075,1145,1145
1999,2782,1075,1145,1146
1238,2781,1076,1147,1147
927,2778,1077,1148,1148
150,2774,1078,1149,1149
675,2773,1079,1150,1150
579,2768,1080,1151,1151
1768,2766,1081,1152,1152
1752,2760,1082,1153,1153
752,2759,1083,1154,1154
252,2756,1084,1155,1155
1042,2743,1085,1156,1156
1234,2743,1085,1156,1157
1467,2742,1086,1158,1158
281,2741,1087,1159,1159
608,2741,1087,1159,1160
1221,2741,1087,1159,1161
1680,2728,1088,1162,1162
639,2725,1089,1163,1163
353,2723,1090,1164,1164
198,2720,1091,1165,1165
710,2720,1091,1165,1166
1764,2718,1092,1167,1167
494,2716,1093,1168,1168
221,2713,1094,1169,1169
328,2707,1095,1170,1170
1858,2706,1096,1171,1171
1826,2705,1097,1172,1172
94,2703,1098,1173,1173
1154,2703,1098,1173,1174
824,2700,1099,1175,1175
470,2696,1100,1176,1176
426,2695,1101,1177,1177
812,2694,1102,1178,1178
11,2693,1103,1179,1179
923,2693,1103,1179,1180
683,2691,1104,1181,1181
1601,2690,1105,1182,1182
780,2686,1106,1183,1183
1006,2684,1107,1184,1184
47,2683,1108,1185,1185
1780,2679,1109,1186,1186
1226,2678,1110,1187,1187
10,2670,1111,1188,1188
1873,2662,1112,1189,1189
18,2661,1113,1190,1190
2003,2660,1114,1191,1191
686,2659,1115,1192,1192
297,2657,1116,1193,1193
493,2657,1116,1193,1194
1691,2655,1117,1195,1195
544,2654,1118,1196,1196
1982,2647,1119,1197,1197
46,2645,1120,1198,1198
1556,2644,1121,1199,1199
749,2642,1122,1200,1200
194,2632,1123,1201,1201
1279,2625,1124,1202,1202
305,2622,1125,1203,1203
662,2619,1126,1204,1204
159,2613,1127,1205,1205
484,2610,1128,1206,1206
1160,2610,1128,1206,1207
1382,2610,1128,1206,1208
1016,2600,1129,1209,1209
1111,2596,1130,1210,1210
351,2593,1131,1211,1211
1805,2592,1132,1212,1212
1674,2587,1133,1213,1213
1907,2587,1133,1213,1214
1265,2585,1134,1215,1215
1648,2580,1135,1216,1216
666,2579,1136,1217,1217
517,2576,1137,1218,1218
805,2572,1138,1219,1219
2061,2571,1139,1220,1220
1693,2570,1140,1221,1221
224,2566,1141,1222,1222
566,2564,1142,1223,1223
571,2564,1142,1223,1224
1504,2561,1143,1225,1225
856,2559,1144,1226,1226
913,2559,1144,1226,1227
1258,2559,1144,1226,1228
838,2553,1145,1229,1229
1193,2552,1146,1230,1230
565,2546,1147,1231,1231
1918,2544,1148,1232,1232
501,2543,1149,1233,1233
1162,2539,1150,1234,1234
1364,2534,1151,1235,1235
912,2532,1152,1236,1236
169,2523,1153,1237,1237
958,2519,1154,1238,1238
1259,2517,1155,1239,1239
875,2515,1156,1240,1240
1175,2515,1156,1240,1241
1120,2514,1157,1242,1242
826,2506,1158,1243,1243
95,2501,1159,1244,1244
242,2500,1160,1245,1245
758,2500,1160,1245,1246
39,2496,1161,1247,1247
977,2479,1162,1248,1248
434,2478,1163,1249,1249
508,2476,1164,1250,1250
1878,2472,1165,1251,1251
1760,2468,1166,1252,1252
1081,2461,1167,1253,1253
430,2455,1168,1254,1254
227,2451,1169,1255,1255
1019,2451,1169,1255,1256
1558,2451,1169,1255,1257
769,2450,1170,1258,1258
1564,2450,1170,1258,1259
1675,2440,1171,1260,1260
1868,2439,1172,1261,1261
2038,2439,1172,1261,1262
1813,2438,1173,1263,1263
1767,2437,1174,1264,1264
325,2436,1175,1265,1265
2020,2436,1175,1265,1266
1939,2432,1176,1267,1267
1554,2430,1177,1268,1268
14,2426,1178,1269,1269
1017,2422,1179,1270,1270
952,2413,1180,1271,1271
1604,2408,1181,1272,1272
79,2406,1182,1273,1273
2012,2406,1182,1273,1274
932,2404,1183,1275,1275
994,2404,1183,1275,1276
1492,2404,1183,1275,1277
632,2400,1184,1278,1278
1783,2398,1185,1279,1279
1405,2394,1186,1280,1280
315,2389,1187,1281,1281
1361,2387,1188,1282,1282
918,2380,1189,1283,1283
1030,2380,1189,1283,1284
2021,2380,1189,1283,1285
1850,2379,1190,1286,1286
930,2377,1191,1287,1287
1107,2377,1191,1287,1288
1185,2376,1192,1289,1289
394,2373,1193,1290,1290
1292,2372,1194,1291,1291
1308,2372,1194,1291,1292
471,2370,1195,1293,1293
164,2368,1196,1294,1294
1576,2367,1197,1295,1295
1960,2367,1197,1295,1296
848,2366,1198,1297,1297
1333,2362,1199,1298,1298
1522,2362,1199,1298,1299
895,2356,1200,1300,1300
555,2351,1201,1301,1301
206,2348,1202,1302,1302
1474,2345,1203,1303,1303
763,2342,1204,1304,1304
878,2342,1204,1304,1305
1044,2342,1204,1304,1306
1792,2342,1204,1304,1307
54,2341,1205,1308,1308
346,2340,1206,1309,1309
622,2340,1206,1309,1310
2032,2339,1207,1311,1311
1844,2335,1208,1312,1312
951,2332,1209,1313,1313
941,2329,1210,1314,1314
284,2328,1211,1315,1315
403,2326,1212,1316,1316
235,2325,1213,1317,1317
217,2323,1214,1318,1318
1077,2323,1214,1318,1319
113,2322,1215,1320,1320
991,2321,1216,1321,1321
816,2319,1217,1322,1322
933,2318,1218,1323,1323
882,2314,1219,1324,1324
1108,2313,1220,1325,1325
247,2311,1221,1326,1326
1541,2308,1222,1327,1327
1905,2307,1223,1328,1328
205,2306,1224,1329,1329
1718,2305,1225,1330,1330
1331,2302,1226,1331,1331
766,2297,1227,1332,1332
1551,2296,1228,1333,1333
45,2293,1229,1334,1334
55,2293,1229,1334,1335
1206,2290,1230,1336,1336
1772,2289,1231,1337,1337
245,2288,1232,1338,1338
514,2285,1233,1339,1339
260,2279,1234,1340,1340
910,2277,1235,1341,1341
1702,2275,1236,1342,1342
834,2274,1237,1343,1343
1533,2272,1238,1344,1344
996,2270,1239,1345,1345
63,2269,1240,1346,1346
2013,2269,1240,1346,1347
321,2267,1241,1348,1348
945,2259,1242,1349,1349
525,2258,1243,1350,1350
1172,2258,1243,1350,1351
511,2244,1244,1352,1352
200,2238,1245,1353,1353
1244,2235,1246,1354,1354
332,2232,1247,1355,1355
216,2231,1248,1356,1356
1931,2226,1249,1357,1357
1055,2220,1250,1358,1358
530,2218,1251,1359,1359
741,2216,1252,1360,1360
483,2213,1253,1361,1361
1219,2210,1254,1362,1362
1102,2207,1255,1363,1363
41,2206,1256,1364,1364
495,2201,1257,1365,1365
88,2194,1258,1366,1366
655,2187,1259,1367,1367
1987,2187,1259,1367,1368
1747,2180,1260,1369,1369
309,2177,1261,1370,1370
1049,2177,1261,1370,1371
362,2176,1262,1372,1372
478,2174,1263,1373,1373
1202,2168,1264,1374,1374
1649,2166,1265,1375,1375
974,2157,1266,1376,1376
1286,2154,1267,1377,1377
286,2153,1268,1378,1378
1818,2148,1269,1379,1379
1746,2145,1270,1380,1380
1947,2144,1271,1381,1381
829,2143,1272,1382,1382
1609,2141,1273,1383,1383
1937,2133,1274,1384,1384
1004,2132,1275,1385,1385
1546,2132,1275,1385,1386
643,2127,1276,1387,1387
1448,2127,1276,1387,1388
959,2121,1277,1389,1389
454,2119,1278,1390,1390
391,2115,1279,1391,1391
1461,2109,1280,1392,1392
1762,2109,1280,1392,1393
1210,2107,1281,1394,1394
1856,2105,1282,1395,1395
1434,2099,1283,1396,1396
562,2097,1284,1397,1397
645,2096,1285,1398,1398
1303,2096,1285,1398,1399
591,2093,1286,1400,1400
4,2090,1287,1401,1401
262,2089,1288,1402,1402
238,2088,1289,1403,1403
42,2086,1290,1404,1404
680,2083,1291,1405,1405
1301,2080,1292,1406,1406
116,2075,1293,1407,1407
1569,2074,1294,1408,1408
133,2073,1295,1409,1409
1592,2073,1295,1409,1410
377,2070,1296,1411,1411
1131,2070,1296,1411,1412
1441,2066,1297,1413,1413
1499,2064,1298,1414,1414
1883,2062,1299,1415,1415
1581,2061,1300,1416,1416
300,2058,1301,1417,1417
700,2045,1302,1418,1418
922,2044,1303,1419,1419
1799,2044,1303,1419,1420
132,2042,1304,1421,1421
1053,2042,1304,1421,1422
648,2033,1305,1423,1423
1495,2033,1305,1423,1424
1374,2029,1306,1425,1425
19,2028,1307,1426,1426
1698,2028,1307,1426,1427
218,2024,1308,1428,1428
881,2022,1309,1429,1429
1534,2018,1310,1430,1430
49,2014,1311,1431,1431
1659,2013,1312,1432,1432
1246,2011,1313,1433,1433
934,2008,1314,1434,1434
1994,2008,1314,1434,1435
1068,2007,1315,1436,1436
2051,2001,1316,1437,1437
53,1951,1317,1438,1438
1156,1904,1318,1439,1439
614,1878,1319,1440,1440
1248,1859,1320,1441,1441
2023,1790,1321,1442,1442
850,1706,1322,1443,1443
556,1702,1323,1444,1444
167,1675,1324,1445,1445
1368,1611,1325,1446,1446
811,1601,1326,1447,1447
1624,1569,1327,1448,1448
1506,1563,1328,1449,1449
1714,1555,1329,1450,1450
1839,1514,1330,1451,1451
201,1483,1331,1452,1452
405,1420,1332,1453,1453
1079,1416,1333,1454,1454
1692,1393,1334,1455,1455
1427,1359,1335,1456,1456
704,1281,1336,1457,1457
1482,1274,1337,1458,1458
1433,1261,1338,1459,1459
30,1232,1339,1460,1460
1270,1223,1340,1461,1461
411,1200,1341,1462,1462
1974,1129,1342,1463,1463
1273,1118,1343,1464,1464
243,1102,1344,1465,1465
1928,1091,1345,1466,1466
1876,1081,1346,1467,1467
1056,1052,1347,1468,1468
1012,1051,1348,1469,1469
701,1009,1349,1470,1470
